ENST00000361390	M P M A N L L L L I V P I L I A M A F L M L T E R K I L G Y M Q L R K G P N V V G P Y G L L Q P F A D A M K L F T K E P L K P A T S T I T L Y I T A P T L A L T I A L L L W T P L P M P N P L V N L N L G L L F I L A T S S L A V Y S I L W S G W A S N S N Y A L I G A L R A V A Q T I S Y E V T L A I I L L S T L L M S G S F N L S T L I T T Q E H L W L L L P S W P L A M M W F I S T L A E T N R T P F D L A E G E S E L V S G F N I E Y A A G P F A L F F M A E Y T N I I M M N T L T T T I F L G T T Y D A L S P E L Y T T Y F V T K T L L L T S L F L W I R T A Y P R F R Y D Q L M H L L W K N F L P L T L A L L M W Y V S M P I T I S S I P P Q T
ENST00000361453	I N P L A Q P V I Y S T I F A G T L I T A L S S H W F F T W V G L E M N M L A F I P V L T K K M N P R S T E A A I K Y F L T Q A T A S M I L L M A I L F N N M L S G Q W T M T N T T N Q Y S S L M I M M A M A M K L G M A P F H F W V P E V T Q G T P L T S G L L L L T W Q K L A P I S I M Y Q I S P S L N V S L L L T L S I L S I M A G S W G G L N Q T Q L R K I L A Y S S I T H M G W M M A V L P Y N P N M T I L N L T I Y I I L T T T A F L L L N L N S S T T T L L L S R T W N K L T W L T P L I P S T L L S L G G L P P L T G F L P K W A I I E E F T K N N S L I I P T I M A T I T L L N L Y F Y L R L I Y S T S I T L L P M S N N V K M K W Q F E H T K P T P F L P T L I A L T T L L L P I S P F M L M I L
ENST00000361624	M F A D R W L F S T N H K D I G T L Y L L F G A W A G V L G T A L S L L I R A E L G Q P G N L L G N D H I Y N V I V T A H A F V M I F F M V M P I M I G G F G N W L V P L M I G A P D M A F P R M N N M S F W L L P P S L L L L L A S A M V E A G A G T G W T V Y P P L A G N Y S H P G A S V D L T I F S L H L A G V S S I L G A I N F I T T I I N M K P P A M T Q Y Q T P L F V W S V L I T A V L L L L S L P V L A A G I T M L L T D R N L N T T F F D P A G G G D P I L Y Q H L F W F F G H P E V Y I L I L P G F G M I S H I V T Y Y S G K K E P F G Y M G M V W A M M S I G F L G F I V W A H H M F T V G M D V D T R A Y F T S A T M I I A I P T G V K V F S W L A T L H G S N M K W S A A V L W A L G F I F L F T V G G L T G I V L A N S S L D I V L H D T Y Y V V A H F H Y V L S M G A V F A I M G G F I H W F P L F S G Y T L D Q T Y A K I H F T I M F I G V N L T F F P Q H F L G L S G M P R R Y S D Y P D A Y T T W N I L S S V G S F I S L T A V M L M I F M I W E A F A S K R K V L M V E E P S M N L E W L Y G C P P P Y H T F E E P V Y M K S
ENST00000361739	M A H A A Q V G L Q D A T S P I M E E L I T F H D H A L M I I F L I C F L V L Y A L F L T L T T K L T N T N I S D A Q E M E T V W T I L P A I I L V L I A L P S L R I L Y M T D E V N D P S L T I K S I G H Q W Y W T Y E Y T D Y G G L I F N S Y M L P P L F L E P G D L R L L D V D N R V V L P I E A P I R M M I T S Q D V L H S W A V P T L G L K T D A I P G R L N Q T T F T A T R P G V Y Y G Q C S E I C G A N H S F M P I V L E L I P L K I F E M G P V F T L
ENST00000361851	M P Q L N T T V W P T M I T P M L L T L F L I T Q L K M L N T N Y H L P P S P K P M K M K N Y N K P W E P K W T K I C S L H S L P P Q S
ENST00000361899	M N E N L F A S F I A P T I L G L P A A V L I I L F P P L L I P T S K Y L I N N R L I T T Q Q W L I K L T S K Q M M T M H N T K G R T W S L M L V S L I I F I A T T N L L G L L P H S F T P T T Q L S M N L A M A I P L W A G T V I M G F R S K I K N A L A H F L P Q G T P T P L I P M L V I I E T I S L L I Q P M A L A V R L T A N I T A G H L L M H L I G S A T L A M S T I N L P S T L I I F T I L I L L T I L E I A V A L I Q A Y V F T L L V S L Y L H D N T
ENST00000362079	M T H Q S H A Y H M V K P S P W P L T G A L S A L L M T S G L A M W F H F H S M T L L M L G L L T N T L T M Y Q W W R D V T R E S T Y Q G H H T P P V Q K G L R Y G M I L F I T S E V F F F A G F F W A F Y H S S L A P T P Q L G G H W P P T G I T P L N P L E V P L L N T S V L L A S G V S I T W A H H S L M E N N R N Q M I Q A L L I T I L L G L Y F T L L Q A S E Y F E S P F T I S D G I Y G S T F F V A T G F H G L H V I I G S T F L T I C F I R Q L M F H F T S K H H F G F E A A A W Y W H F V D V V W L F L Y V S I Y W W G S
ENST00000361227	M N F A L I L M I N T L L A L L L M I I T F W L P Q L N G Y M E K S T P Y E C G F D P M S P A R V P F S M K F F L V A I T F L L F D L E I A L L L P L P W A L Q T T N L P L M V M S S L L L I I I L A L S L A Y E W L Q K G L D W T E
ENST00000361335	M P L I Y M N I M L A F T I S L L G M L V Y R S H L M S S L L C L E G M M L S L F I M A T L M T L N T H S L L A N I V P I A M L V F A A C E A A V G L A L L V S I S N T Y G L D Y V H N L N L L Q C
ENST00000361381	M L K L I V P T I M L L P L T W L S K K H M I W I N T T T H S L I I S I I P L L F F N Q I N N N L F S C S P T F S S D P L T T P L L M L T T W L L P L T I M A S Q R H L S S E P L S R K K L Y L S M L I S L Q I S L I M T F T A T E L I M F Y I F F E T T L I P T L A I I T R W G N Q P E R L N A G T Y F L F Y T L V G S L P L L I A L I Y T H N T L G S L N I L L L T L T A Q E L S N S W A N N L M W L A Y T M A F M V K M P L Y G L H L W L P K A H V E A P I A G S M V L A A V L L K L G G Y G M M R L T L I L N P L T K H M A Y P F L V L S L W G M I M T S S I C L R Q T D L K S L I A Y S S I S H M A L V V T A I L I Q T P W S F T G A V I L M I A H G L T S S L L F C L A N S N Y E R T H S R I M I L S Q G L Q T L L P L M A F W W L L A S L A N L A L P P T I N L L G E L S V L V T T F S W S N I T L L L T G L N M L V T A L Y S L Y M F T T T Q W G S L T H H I N N M K P S F T R E N T L M F M H L S P I L L L S L N P D I I T G F S S
ENST00000361567	M T M H T T M T T L T L T S L I P P I L T T L V N P N K K N S Y P H Y V K S I V A S T F I I S L F P T T M F M C L D Q E V I I S N W H W A T T Q T T Q L S L S F K L D Y F S M M F I P V A L F V T W S I M E F S L W Y M N S D P N I N Q F F K Y L L I F L I T M L I L V T A N N L F Q L F I G W E G V G I M S F L L I S W W Y A R A D A N T A A I Q A I L Y N R I G D I G F I L A L A W F I L H S N S W D P Q Q M A L L N A N P S L T P L L G L L L A A A G K S A Q L G L H P W L P S A M E G P T P V S A L L H S S T M V V A G I F L L I R F H P L A E N S P L I Q T L T L C L G A I T T L F A A V C A L T Q N D I K K I V A F S T S S Q L G L M M V T I G I N Q P H L A F L H I C T H A F F K A M L F M C S G S I I H N L N N E Q D I R K M G G L L K T M P L T S T S L T I G S L A L A G M P F L T G F Y S K D H I I E T A N M S Y T N A W A L S I T L I A T S L T S A Y S T R M I L L T L T G Q P R F P T L T N I N E N N P T L L N P I K R L A A G S L F A G F L I T N N I S P A S P F Q T T I P L Y L K L T A L A V T F L G L L T A L D L N Y L T N K L K M K S P L C T F Y F S N M L G F Y P S I T H R T I P Y L G L L T S Q N L P L L L L D L T W L E K L L P K T I S Q H Q I S T S I I T S T Q K G M I K L Y F L S F F F P L I L T L L L I T
ENST00000361681	M M Y A L F L L S V G L V M G F V G F S S K P S P I Y G G L V L I V S G V V G C V I I L N F G G G Y M G L M V F L I Y L G G M M V V F G Y T T A M A I E E Y P E A W G S G V E V L V S V L V G L A M E V G L V L W V K E Y D G V V V V V N F N S V G S W M I Y E G E G S G L I R E D P I G A G A L Y D Y G R W L V V V T G W T L F V G V Y I V I E I A R G N
ENST00000361789	M T P M R K T N P L M K L I N H S F I D L P T P S N I S A W W N F G S L L G A C L I L Q I T T G L F L A M H Y S P D A S T A F S S I A H I T R D V N Y G W I I R Y L H A N G A S M F F I C L F L H I G R G L Y Y G S F L Y S E T W N I G I I L L L A T M A T A F M G Y V L P W G Q M S F W G A T V I T N L L S A I P Y I G T D L V Q W I W G G Y S V D S P T L T R F F T F H F I L P F I I A A L A T L H L L F L H E T G S N N P L G I T S H S D K I T F H P Y Y T I K D A L G L L L F L L S L M T L T L F S P D L L G D P D N Y T L A N P L N T P P H I K P E W Y F L F A Y T I L R S V P N K L G G V L A L L L S I L I L A M I P I L H M S K Q Q S M M F R P L S Q S L Y W L L A A D L L I L T W I G G Q P V S Y P F T I I G Q V A S V L Y F T T I L I L M P T I S L I E N K M L K W A
