ENSMUST00000082392	GTG TTC TTT ATT AAT ATC CTA ACA CTC CTC GTC CCC ATT CTA ATC GCC ATA GCC TTC CTA ACA TTA GTA GAA CGC AAA ATC TTA GGG TAC ATA CAA CTA CGA AAA GGC CCT AAC ATT GTT GGT CCA TAC GGC ATT TTA CAA CCA TTT GCA GAC GCC ATA AAA TTA TTT ATA AAA GAA CCA ATA CGC CCT TTA ACA ACC TCT ATA TCC TTA TTT ATT ATT GCA CCT ACC CTA TCA CTC ACA CTA GCA TTA AGT CTA TGA GTT CCC CTA CCA ATA CCA CAC CCA TTA ATT AAT TTA AAC CTA GGG ATT TTA TTT ATT TTA GCA ACA TCT AGC CTA TCA GTT TAC TCC ATT CTA TGA TCA GGA TGA GCC TCA AAC TCC AAA TAC TCA CTA TTC GGA GCT TTA CGA GCC GTA GCC CAA ACA ATT TCA TAT GAA GTA ACC ATA GCT ATT ATC CTT TTA TCA GTT CTA TTA ATA AAT GGA TCC TAC TCT CTA CAA ACA CTT ATT ACA ACC CAA GAA CAC ATA TGA TTA CTT CTG CCA GCC TGA CCC ATA GCC ATA ATA TGA TTT ATC TCA ACC CTA GCA GAA ACA AAC CGG GCC CCC TTC GAC CTG ACA GAA GGA GAA TCA GAA TTA GTA TCA GGG TTT AAC GTA GAA TAC GCA GCC GGC CCA TTC GCG TTA TTC TTT ATA GCA GAG TAC ACT AAC ATT ATT CTA ATA AAC GCC CTA ACA ACT ATT ATC TTC CTA GGA CCC CTA TAC TAT ATC AAT TTA CCA GAA CTC TAC TCA ACT AAC TTC ATA ATA GAA GCT CTA CTA CTA TCA TCA ACA TTC CTA TGG ATC CGA GCA TCT TAT CCA CGC TTC CGT TAC GAT CAA CTT ATA CAT CTT CTA TGA AAA AAC TTT CTA CCC CTA ACA CTA GCA TTA TGT ATG TGA CAT ATT TCT TTA CCA ATT TTT ACA GCG GGA GTA CCA CCA TAC ATA TAG
ENSMUST00000082396	ATA AAT CCT ATC ACC CTT GCC ATC ATC TAC TTC ACA ATC TTC TTA GGT CCT GTA ATC ACA ATA TCC AGC ACC AAC CTA ATA CTA ATA TGA GTA GGC CTG GAA TTC AGC CTA CTA GCA ATT ATC CCC ATA CTA ATC AAC AAA AAA AAC CCA CGA TCA ACT GAA GCA GCA ACA AAA TAC TTC GTC ACA CAA GCA ACA GCC TCA ATA ATT ATC CTC CTG GCC ATC GTA CTC AAC TAT AAA CAA CTA GGA ACA TGA ATA TTT CAA CAA CAA ACA AAC GGT CTT ATC CTT AAC ATA ACA TTA ATA GCC CTA TCC ATA AAA CTA GGC CTC GCC CCA TTC CAC TTC TGA TTA CCA GAA GTA ACT CAA GGG ATC CCA CTG CAC ATA GGA CTT ATT CTT CTT ACA TGA CAA AAA ATT GCT CCC CTA TCA ATT TTA ATT CAA ATT TAC CCG CTA CTC AAC TCT ACT ATC ATT TTA ATA CTA GCA ATT ACT TCT ATT TTC ATA GGG GCA TGA GGA GGA CTT AAC CAA ACA CAA ATA CGA AAA ATT ATA GCC TAT TCA TCA ATT GCC CAC ATA GGA TGA ATA TTA GCA ATT CTT CCT TAC AAC CCA TCC CTC ACT CTA CTC AAC CTC ATA ATC TAT ATT ATT CTT ACA GCC CCT ATA TTC ATA GCA CTT ATA CTA AAT AAC TCT ATA ACC ATC AAC TCA ATC TCA CTT CTA TGA AAT AAA ACT CCA GCA ATA CTA ACT ATA ATC TCA CTG ATA TTA CTA TCC CTA GGA GGC CTT CCA CCA CTA ACA GGA TTC TTA CCA AAA TGA ATT ATC ATC ACA GAA CTT ATA AAA AAC AAC TGT CTA ATT ATA GCA ACA CTC ATA GCA ATA ATA GCT CTA CTA AAC CTA TTC TTT TAT ACT CGC CTA ATT TAT TCC ACT TCA CTA ACA ATA TTT CCA ACC AAC AAT AAC TCA AAA ATA ATA ACT CAC CAA ACA AAA ACT AAA CCC AAC CTA ATA TTT TCC ACC CTA GCT ATC ATA AGC ACA ATA ACC CTA CCC CTA GCC CCC CAA CTA ATT ACC TAG
ENSMUST00000082402	ATG TTC ATT AAT CGT TGA TTA TTC TCA ACC AAT CAC AAA GAT ATC GGA ACC CTC TAT CTA CTA TTC GGA GCC TGA GCG GGA ATA GTG GGT ACT GCA CTA AGT ATT TTA ATT CGA GCA GAA TTA GGT CAA CCA GGT GCA CTT TTA GGA GAT GAC CAA ATT TAC AAT GTT ATC GTA ACT GCC CAT GCT TTT GTT ATA ATT TTC TTC ATA GTA ATA CCA ATA ATA ATT GGA GGC TTT GGA AAC TGA CTT GTC CCA CTA ATA ATC GGA GCC CCA GAT ATA GCA TTC CCA CGA ATA AAT AAT ATA AGT TTT TGA CTC CTA CCA CCA TCA TTT CTC CTT CTC CTA GCA TCA TCA ATA GTA GAA GCA GGA GCA GGA ACA GGA TGA ACA GTC TAC CCA CCT CTA GCC GGA AAT CTA GCC CAT GCA GGA GCA TCA GTA GAC CTA ACA ATT TTC TCC CTT CAT TTA GCT GGA GTG TCA TCT ATT TTA GGT GCA ATT AAT TTT ATT ACC ACT ATT ATC AAC ATG AAA CCC CCA GCC ATA ACA CAG TAT CAA ACT CCA CTA TTT GTC TGA TCC GTA CTT ATT ACA GCC GTA CTG CTC CTA TTA TCA CTA CCA GTG CTA GCC GCA GGC ATT ACT ATA CTA CTA ACA GAC CGC AAC CTA AAC ACA ACT TTC TTT GAT CCC GCT GGA GGA GGG GAC CCA ATT CTC TAC CAG CAT CTG TTC TGA TTC TTT GGG CAC CCA GAA GTT TAT ATT CTT ATC CTC CCA GGA TTT GGA ATT ATT TCA CAT GTA GTT ACT TAC TAC TCC GGA AAA AAA GAA CCT TTC GGC TAT ATA GGA ATA GTA TGA GCA ATA ATG TCT ATT GGC TTT CTA GGC TTT ATT GTA TGA GCC CAC CAC ATA TTC ACA GTA GGA TTA GAT GTA GAC ACA CGA GCT TAC TTT ACA TCA GCC ACT ATA ATT ATC GCA ATT CCT ACC GGT GTC AAA GTA TTT AGC TGA CTT GCA ACC CTA CAC GGA GGT AAT ATT AAA TGA TCT CCA GCT ATA CTA TGA GCC TTA GGC TTT ATT TTC TTA TTT ACA GTT GGT GGT CTA ACC GGA ATT GTT TTA TCC AAC TCA TCC CTT GAC ATC GTG CTT CAC GAT ACA TAC TAT GTA GTA GCC CAT TTC CAC TAT GTT CTA TCA ATG GGA GCA GTG TTT GCT ATC ATA GCA GGA TTT GTT CAC TGA TTC CCA TTA TTT TCA GGC TTC ACC CTA GAT GAC ACA TGA GCA AAA GCC CAC TTC GCC ATC ATA TTC GTA GGA GTA AAC ATA ACA TTC TTC CCT CAA CAT TTC CTG GGC CTT TCA GGA ATA CCA CGA CGC TAC TCA GAC TAC CCA GAT GCT TAC ACC ACA TGA AAC ACT GTC TCT TCT ATA GGA TCA TTT ATT TCA CTA ACA GCT GTT CTC ATC ATG ATC TTT ATA ATT TGA GAG GCC TTT GCT TCA AAA CGA GAA GTA ATA TCA GTA TCG TAT GCT TCA ACA AAT TTA GAA TGA CTT CAT GGC TGC CCT CCA CCA TAT CAC ACA TTC GAG GAA CCA ACC TAT GTA AAA GTA AAA TAA
ENSMUST00000082405	ATG GCC TAC CCA TTC CAA CTT GGT CTA CAA GAC GCC ACA TCC CCT ATT ATA GAA GAG CTA ATA AAT TTC CAT GAT CAC ACA CTA ATA ATT GTT TTC CTA ATT AGC TCC TTA GTC CTC TAT ATC ATC TCG CTA ATA TTA ACA ACA AAA CTA ACA CAT ACA AGC ACA ATA GAT GCA CAA GAA GTT GAA ACC ATT TGA ACT ATT CTA CCA GCT GTA ATC CTT ATC ATA ATT GCT CTC CCC TCT CTA CGC ATT CTA TAT ATA ATA GAC GAA ATC AAC AAC CCC GTA TTA ACC GTT AAA ACC ATA GGG CAC CAA TGA TAC TGA AGC TAC GAA TAT ACT GAC TAT GAA GAC CTA TGC TTT GAT TCA TAT ATA ATC CCA ACA AAC GAC CTA AAA CCT GGT GAA CTA CGA CTG CTA GAA GTT GAT AAC CGA GTC GTT CTG CCA ATA GAA CTT CCA ATC CGT ATA TTA ATT TCA TCT GAA GAC GTC CTC CAC TCA TGA GCA GTC CCC TCC CTA GGA CTT AAA ACT GAT GCC ATC CCA GGC CGA CTA AAT CAA GCA ACA GTA ACA TCA AAC CGA CCA GGG TTA TTC TAT GGC CAA TGC TCT GAA ATT TGT GGA TCT AAC CAT AGC TTT ATG CCC ATT GTC CTA GAA ATG GTT CCA CTA AAA TAT TTC GAA AAC TGA TCT GCT TCA ATA ATT TAA
ENSMUST00000082407	ATG CCA CAA CTA GAT ACA TCA ACA TGA TTT ATC ACA ATT ATC TCA TCA ATA ATT ACC CTA TTT ATC TTA TTT CAA CTA AAA GTC TCA TCA CAA ACA TTC CCA CTG GCA CCT TCA CCA AAA TCA CTA ACA ACC ATA AAA GTA AAA ACC CCT TGA GAA TTA AAA TGA ACG AAA ATC TAT TTG CCT CAT TCA TTA CCC CAA CAA TAA
ENSMUST00000082408	ATG AAC GAA AAT CTA TTT GCC TCA TTC ATT ACC CCA ACA ATA ATA GGA TTC CCA ATC GTT GTA GCC ATC ATT ATA TTT CCT TCA ATC CTA TTC CCA TCC TCA AAA CGC CTA ATC AAC AAC CGT CTC CAT TCT TTC CAA CAC TGA CTA GTT AAA CTT ATT ATC AAA CAA ATA ATG CTA ATC CAC ACA CCA AAA GGA CGA ACA TGA ACC CTA ATA ATT GTT TCC CTA ATC ATA TTT ATT GGA TCA ACA AAT CTC CTA GGC CTT TTA CCA CAT ACA TTT ACA CCT ACT ACC CAA CTA TCC ATA AAT CTA AGT ATA GCC ATT CCA CTA TGA GCT GGA GCC GTA ATT ACA GGC TTC CGA CAC AAA CTA AAA AGC TCA CTT GCC CAC TTC CTT CCA CAA GGA ACT CCA ATT TCA CTA ATT CCA ATA CTT ATT ATT ATT GAA ACA ATT AGC CTA TTT ATT CAA CCA ATG GCA TTA GCA GTC CGG CTT ACA GCT AAC ATT ACT GCA GGA CAC TTA TTA ATA CAC CTA ATC GGA GGA GCT ACT CTA GTA TTA ATA AAT ATT AGC CCA CCA ACA GCT ACC ATT ACA TTT ATT ATT TTA CTT CTA CTC ACA ATT CTA GAA TTT GCA GTA GCA TTA ATT CAA GCC TAC GTA TTC ACC CTC CTA GTA AGC CTA TAT CTA CAT GAT AAT ACA TAA
ENSMUST00000082409	ATG ACC CAC CAA ACT CAT GCA TAT CAC ATA GTT AAT CCA AGT CCA TGA CCA TTA ACT GGA GCC TTT TCA GCC CTC CTT CTA ACA TCA GGT CTA GTA ATA TGA TTT CAC TAT AAT TCA ATT ACA CTA TTA ACC CTT GGC CTA CTC ACC AAT ATC CTC ACA ATA TAT CAA TGA TGA CGA GAC GTA ATT CGT GAA GGA ACC TAC CAA GGC CAC CAC ACT CCT ATT GTA CAA AAA GGA CTA CGA TAT GGT ATA ATT CTA TTC ATC GTC TCG GAA GTA TTT TTC TTT GCA GGA TTC TTC TGA GCG TTC TAT CAT TCT AGC CTC GTA CCA ACA CAT GAT CTA GGA GGC TGC TGA CCT CCA ACA GGA ATT TCA CCA CTT AAC CCT CTA GAA GTC CCA CTA CTT AAT ACT TCA GTA CTT CTA GCA TCA GGT GTT TCA ATT ACA TGA GCT CAT CAT AGC CTT ATA GAA GGT AAA CGA AAC CAC ATA AAT CAA GCC CTA CTA ATT ACC ATT ATA CTA GGA CTT TAC TTC ACC ATC CTC CAA GCT TCA GAA TAC TTT GAA ACA TCA TTC TCC ATT TCA GAT GGT ATC TAT GGT TCT ACA TTC TTC ATG GCT ACT GGA TTC CAT GGA CTC CAT GTA ATT ATT GGA TCA ACA TTC CTT ATT GTT TGC CTA CTA CGA CAA CTA AAA TTT CAC TTC ACA TCA AAA CAT CAC TTC GGA TTT GAA GCC GCA GCA TGA TAC TGA CAT TTT GTA GAC GTA GTC TGA CTT TTC CTA TAC GTC TCC ATT TAT TGA TGA GGA TCT
ENSMUST00000082411	ATT AAC CTG TAC ACT GTT ATC TTC ATT AAT ATT TTA TTA TCC CTA ACG CTA ATT CTA GTT GCA TTC TGA CTC CCC CAA ATA AAT CTG TAC TCA GAA AAA GCA AAT CCA TAT GAA TGC GGA TTC GAC CCT ACA AGC TCT GCA CGT CTA CCA TTC TCA ATA AAA TTT TTC TTG GTA GCA ATT ACA TTT CTA TTA TTT GAC CTA GAA ATT GCT CTT CTA CTT CCA CTA CCA TGA GCA ATT CAA ACA ATT AAA ACC TCT ACT ATA ATA ATT ATA GCC TTT ATT CTA GTC ACA ATT CTA TCT CTA GGC CTA GCA TAT GAA TGA ACA CAA AAA GGA TTA GAA TGA ACA GAG TAA
ENSMUST00000084013	ATG CCA TCT ACC TTC TTC AAC CTC ACC ATA GCC TTC TCA CTA TCA CTT CTA GGG ACA CTT ATA TTT CGC TCT CAC CTA ATA TCC ACA TTA CTA TGC CTG GAA GGC ATA GTA TTA TCC TTA TTT ATT ATA ACT TCA GTA ACT TCC CTA AAC TCC AAC TCC ATA AGC TCC ATA CCA ATC CCC ATC ACC ATC TTA GTT TTC GCA GCC TGC GAA GCA GCT GTA GGA CTA GCC CTA CTA GTA AAA GTT TCA AAC ACG TAC GGA ACA GAT TAC GTC CAA AAT CTC AAC CTA CTA CAA TGC TAA
ENSMUST00000082414	ATG CTA AAA ATT ATT CTT CCC TCA CTA ATG CTA CTA CCA CTA ACC TGA CTA TCA AGC CCT AAA AAA ACC TGA ACA AAC GTA ACC TCA TAT AGT TTT CTA ATT AGT TTA ACC AGC CTA ACA CTT CTA TGA CAA ACC GAC GAA AAT TAT AAA AAC TTT TCA AAT ATA TTC TCC TCA GAC CCC CTA TCC ACA CCA TTA ATT ATT TTA ACA GCC TGA TTA CTG CCA CTA ATA TTA ATA GCT AGC CAA AAC CAC CTA AAA AAA GAT AAT AAC GTA CTA CAA AAA CTC TAC ATC TCA ATA CTA ATC AGC TTA CAA ATT CTC CTA ATC ATA ACC TTT TCA GCA ACT GAA CTA ATT ATA TTT TAT ATT TTA TTT GAA GCA ACC TTA ATC CCA ACA CTT ATT ATT ATT ACC CGA TGA GGG AAC CAA ACT GAA CGC CTA AAC GCA GGG ATT TAT TTC CTA TTT TAT ACC CTA ATC GGT TCT ATT CCA CTG CTA ATT GCC CTC ATC TTA ATC CAA AAC CAT GTA GGA ACC CTA AAC CTC ATA ATT TTA TCA TTC ACA ACA CAC ACC TTA GAC GCT TCA TGA TCT AAC AAC TTA CTA TGG TTG GCA TGC ATA ATA GCA TTT CTT ATT AAA ATA CCA TTA TAT GGA GTT CAC CTA TGA CTA CCA AAA GCC CAT GTT GAA GCT CCA ATT GCT GGG TCA ATA ATT CTA GCA GCT ATT CTT CTA AAA TTA GGT AGT TAC GGA ATA ATT CGC ATC TCC ATT ATT CTA GAC CCA CTA ACA AAA TAT ATA GCA TAC CCC TTC ATC CTT CTC TCC CTA TGA GGA ATA ATT ATA ACT AGC TCA ATC TGC TTA CGC CAA ACA GAT TTA AAA TCA CTA ATC GCC TAC TCC TCA GTT AGC CAC ATA GCA CTT GTT ATT GCA TCA ATC ATA ATC CAA ACT CCA TGA AGC TTC ATA GGA GCA ACA ATA CTA ATA ATC GCA CAT GGC CTC ACA TCA TCA CTC CTA TTC TGC CTA GCA AAC TCC AAC TAC GAA CGG ATC CAC AGC CGT ACT ATA ATC ATG GCC CGA GGA CTT CAA ATG GTC TTC CCA CTT ATA GCC ACA TGA TGA CTG ATA GCA AGT CTA GCT AAT CTA GCT CTA CCC CCT TCA ATC AAT CTA ATA GGA GAA TTA TTC ATT ACC ATA TCA TTA TTT TCT TGA TCA AAC TTT ACC ATT ATT CTT ATA GGA ATT AAC ATT ATT ATT ACA GGT ATA TAC TCA ATA TAC ATA ATT ATT ACC ACC CAA CGC GGC AAA CTA ACC AAC CAT ATA ATT AAC CTC CAA CCC TCA CAC ACA CGA GAA CTA ACA CTA ATA GCC CTT CAC ATA ATT CCA CTT ATT CTT CTA ACT ACC AGT CCA AAA CTA ATT ACA GGC CTG ACA ATA
ENSMUST00000082418	ATC AAT ATT TTC ACA ACC TCA ATC TTA TTA ATC TTC ATT CTT CTA CTA TCC CCA ATC CTA ATT TCA ATA TCA AAC CTA ATT AAA CAC ATC AAC TTC CCA CTG TAC ACC ACC ACA TCA ATC AAA TTC TCC TTC ATT ATT AGC CTC TTA CCC CTA TTA ATA TTT TTC CAC AAT AAT ATA GAA TAT ATA ATT ACA ACC TGG CAC TGA GTC ACC ATA AAT TCA ATA GAA CTT AAA ATA AGC TTC AAA ACT GAC TTT TTC TCT ATC CTG TTT ACA TCT GTA GCC CTT TTT GTC ACA TGA TCA ATT ATA CAA TTC TCT TCA TGA TAT ATA CAC TCA GAC CCA AAC ATC AAT CGA TTC ATT AAA TAT CTT ACA CTA TTC CTG ATT ACC ATG CTT ATC CTC ACC TCA GCC AAC AAC ATA TTT CAA CTT TTC ATT GGC TGA GAA GGG GTG GGA ATT ATA TCT TTC CTA CTA ATT GGA TGA TGG TAC GGA CGA ACA GAC GCA AAT ACT GCA GCC CTA CAA GCA ATC CTC TAT AAC CGC ATC GGA GAC ATC GGA TTC ATT TTA GCT ATA GTT TGA TTT TCC CTA AAC ATA AAC TCA TGA GAA CTT CAA CAG ATT ATA TTC TCC AAC AAC AAC GAC AAT CTA ATT CCA CTT ATA GGC CTA TTA ATC GCA GCT ACA GGA AAA TCA GCA CAA TTT GGC CTC CAC CCA TGA CTA CCA TCA GCA ATA GAA GGC CCT ACA CCA GTT TCA GCA CTA CTA CAC TCA AGT ACA ATA GTA GTT GCA GGA ATT TTC CTA CTG GTC CGA TTC CAC CCC CTC ACG ACT AAT AAT AAC TTT ATT TTA ACA ACT ATA CTT TGC CTC GGA GCC CTA ACC ACA TTA TTT ACA GCT ATT TGT GCT CTC ACC CAA AAC GAC ATC AAA AAA ATC ATT GCC TTC TCT ACA TCA AGC CAA CTA GGC CTG ATA ATA GTG ACG CTA GGA ATA AAC CAA CCA CAC CTA GCA TTC CTA CAC ATC TGT ACC CAC GCA TTC TTC AAA GCT ATA CTC TTT ATA TGC TCT GGC TCA ATC ATT CAT AGC CTG GCA GAC GAA CAA GAC ATC CGA AAA ATA GGA AAC ATC ACA AAA ATC ATA CCA TTC ACA TCA TCA TGC CTA GTA ATC GGA AGC CTC GCC CTC ACA GGA ATA CCA TTC CTA ACA GGG TTC TAC TCA AAA GAC CTA ATT ATT GAA GCA ATT AAT ACC TGC AAC ACC AAC GCC TGA GCC CTA CTA ATT ACA CTA ATC GCC ACT TCT ATA ACA GCT ATG TAC AGC ATA CGA ATC ATT TAC TTC GTA ACA ATA ACA AAA CCG CGT TTT CCC CCC CTA ATC TCC ATT AAC GAA AAT GAC CCA GAC CTC ATA AAC CCA ATC AAA CGC CTA GCA TTC GGA AGC ATC TTT GCA GGA TTT GTC ATC TCA TAT AAT ATT CCA CCA ACC AGC ATT CCA GTC CTC ACA ATA CCA TGA TTT TTA AAA ACC ACA GCC CTA ATT ATT TCA GTA TTA GGA TTC CTA ATC GCA CTA GAA CTA AAC AAC CTA ACC ATA AAA CTA TCA ATA AAT AAA GCA AAT CCA TAT TCA TCC TTC TCA ACT TTA CTG GGG TTT TTC CCA TCT ATT ATT CAC CGC ATT ACA CCC ATA AAA TCT CTC AAC CTA AGC CTA AAA ACA TCC CTA ACT CTC CTA GAC TTG ATC TGG TTA GAA AAA ACC ATC CCA AAA TCC ACC TCA ACT CTT CAC ACA AAC ATA ACC ACT TTA ACA ACC AAC CAA AAA GGC TTA ATT AAA TTG TAC TTT ATA TCA TTC CTA ATT AAC ATC ATC TTA ATT ATT ATC TTA TAC TCA ATT AAT CTC GAG TAA
ENSMUST00000082419	ATG AAT AAT TAT ATT TTT GTT TTA AGT TCA TTA TTT TTG GTT GGT TGT CTT GGG TTA GCA TTA AAG CCT TCA CCT ATT TAT GGA GGT TTA GGT TTA ATT GTT AGT GGG TTT GTT GGT TGT TTA ATG GTT TTA GGG TTT GGT GGA TCG TTT TTA GGT TTA ATA GTT TTT TTA ATT TAT TTA GGG GGG ATG TTG GTT GTG TTT GGA TAT ACG ACT GCT ATA GCT ACT GAG GAA TAT CCA GAG ACT TGG GGA TCT AAC TGA TTA ATT TTG GGT TTT TTA GTA TTG GGG GTG ATT ATA GAG GTT TTT TTA ATT TGT GTG CTT AAT TAT TAT GAT GAA GTT GGA GTA ATT AAT CTT GAT GGT TTG GGA GAT TGG TTG ATG TAT GAG GTT GAT GAT GTT GGA GTT ATG TTG GAA GGA GGG ATT GGG GTA GCG GCA ATA TAT AGT TGT GCT ACT TGA ATG ATG GTA GTA GCT GGG TGA TCT TTG TTT GCG GGT ATT TTT ATT ATT ATC GAG ATT ACT CGA GAT TAA
ENSMUST00000082421	ATG ACA AAC ATA CGA AAA ACA CAC CCA TTA TTT AAA ATT ATT AAC CAC TCA TTC ATT GAC CTA CCT GCC CCA TCC AAC ATT TCA TCA TGA TGA AAC TTT GGG TCC CTT CTA GGA GTC TGC CTA ATA GTC CAA ATC ATT ACA GGT CTT TTC TTA GCC ATA CAC TAC ACA TCA GAT ACA ATA ACA GCC TTT TCA TCA GTA ACA CAC ATT TGT CGA GAC GTA AAT TAC GGG TGA CTA ATC CGA TAT ATA CAC GCA AAC GGA GCC TCA ATA TTT TTT ATT TGC TTA TTC CTT CAT GTC GGA CGA GGC TTA TAT TAT GGA TCA TAT ACA TTT ATA GAA ACC TGA AAC ATT GGA GTA CTT CTA CTG TTC GCA GTC ATA GCC ACA GCA TTT ATA GGC TAC GTC CTT CCA TGA GGA CAA ATA TCA TTC TGA GGT GCC ACA GTT ATT ACA AAC CTC CTA TCA GCC ATC CCA TAT ATT GGA ACA ACC CTA GTC GAA TGA ATT TGA GGG GGC TTC TCA GTA GAC AAA GCC ACC TTG ACC CGA TTC TTC GCT TTC CAC TTC ATC TTA CCA TTT ATT ATC GCG GCC CTA GCA ATC GTT CAC CTC CTC TTC CTC CAC GAA ACA GGA TCA AAC AAC CCA ACA GGA TTA AAC TCA GAT GCA GAT AAA ATT CCA TTT CAC CCC TAC TAT ACA ATC AAA GAT ATC CTA GGT ATC CTA ATC ATA TTC TTA ATT CTC ATA ACC CTA GTA TTA TTT TTC CCA GAC ATA CTA GGA GAC CCA GAC AAC TAC ATA CCA GCT AAT CCA CTA AAC ACC CCA CCC CAT ATT AAA CCC GAA TGA TAT TTC CTA TTT GCA TAC GCC ATT CTA CGC TCA ATC CCC AAT AAA CTA GGA GGT GTC CTA GCC TTA ATC TTA TCT ATC CTA ATT TTA GCC CTA ATA CCT TTC CTT CAT ACC TCA AAG CAA CGA AGC CTA ATA TTC CGC CCA ATC ACA CAA ATT TTG TAC TGA ATC CTA GTA GCC AAC CTA CTT ATC TTA ACC TGA ATT GGG GGC CAA CCA GTA GAA CAC CCA TTT ATT ATC ATT GGC CAA CTA GCC TCC ATC TCA TAC TTC TCA ATC ATC TTA ATT CTT ATA CCA ATC TCA GGA ATT ATC GAA GAC AAA ATA CTA AAA TTA TAT CCA
