ENSMUST00000082392	V F F I N I L T L L V P I L I A M A F L T L V E R K I L G Y M Q L R K G P N I V G P Y G I L Q P F A D A M K L F M K E P M R P L T T S M S L F I I A P T L S L T L A L S L W V P L P M P H P L I N L N L G I L F I L A T S S L S V Y S I L W S G W A S N S K Y S L F G A L R A V A Q T I S Y E V T M A I I L L S V L L M N G S Y S L Q T L I T T Q E H M W L L L P A W P M A M M W F I S T L A E T N R A P F D L T E G E S E L V S G F N V E Y A A G P F A L F F M A E Y T N I I L M N A L T T I I F L G P L Y Y I N L P E L Y S T N F M M E A L L L S S T F L W I R A S Y P R F R Y D Q L M H L L W K N F L P L T L A L C M W H I S L P I F T A G V P P Y M
ENSMUST00000082396	M N P I T L A I I Y F T I F L G P V I T M S S T N L M L M W V G L E F S L L A I I P M L I N K K N P R S T E A A T K Y F V T Q A T A S M I I L L A I V L N Y K Q L G T W M F Q Q Q T N G L I L N M T L M A L S M K L G L A P F H F W L P E V T Q G I P L H M G L I L L T W Q K I A P L S I L I Q I Y P L L N S T I I L M L A I T S I F M G A W G G L N Q T Q M R K I M A Y S S I A H M G W M L A I L P Y N P S L T L L N L M I Y I I L T A P M F M A L M L N N S M T I N S I S L L W N K T P A M L T M I S L M L L S L G G L P P L T G F L P K W I I I T E L M K N N C L I M A T L M A M M A L L N L F F Y T R L I Y S T S L T M F P T N N N S K M M T H Q T K T K P N L M F S T L A I M S T M T L P L A P Q L I T
ENSMUST00000082402	M F I N R W L F S T N H K D I G T L Y L L F G A W A G M V G T A L S I L I R A E L G Q P G A L L G D D Q I Y N V I V T A H A F V M I F F M V M P M M I G G F G N W L V P L M I G A P D M A F P R M N N M S F W L L P P S F L L L L A S S M V E A G A G T G W T V Y P P L A G N L A H A G A S V D L T I F S L H L A G V S S I L G A I N F I T T I I N M K P P A M T Q Y Q T P L F V W S V L I T A V L L L L S L P V L A A G I T M L L T D R N L N T T F F D P A G G G D P I L Y Q H L F W F F G H P E V Y I L I L P G F G I I S H V V T Y Y S G K K E P F G Y M G M V W A M M S I G F L G F I V W A H H M F T V G L D V D T R A Y F T S A T M I I A I P T G V K V F S W L A T L H G G N I K W S P A M L W A L G F I F L F T V G G L T G I V L S N S S L D I V L H D T Y Y V V A H F H Y V L S M G A V F A I M A G F V H W F P L F S G F T L D D T W A K A H F A I M F V G V N M T F F P Q H F L G L S G M P R R Y S D Y P D A Y T T W N T V S S M G S F I S L T A V L I M I F M I W E A F A S K R E V M S V S Y A S T N L E W L H G C P P P Y H T F E E P T Y V K V K
ENSMUST00000082405	M A Y P F Q L G L Q D A T S P I M E E L M N F H D H T L M I V F L I S S L V L Y I I S L M L T T K L T H T S T M D A Q E V E T I W T I L P A V I L I M I A L P S L R I L Y M M D E I N N P V L T V K T M G H Q W Y W S Y E Y T D Y E D L C F D S Y M I P T N D L K P G E L R L L E V D N R V V L P M E L P I R M L I S S E D V L H S W A V P S L G L K T D A I P G R L N Q A T V T S N R P G L F Y G Q C S E I C G S N H S F M P I V L E M V P L K Y F E N W S A S M I
ENSMUST00000082407	M P Q L D T S T W F I T I I S S M I T L F I L F Q L K V S S Q T F P L A P S P K S L T T M K V K T P W E L K W T K I Y L P H S L P Q Q
ENSMUST00000082408	M N E N L F A S F I T P T M M G F P I V V A I I M F P S I L F P S S K R L I N N R L H S F Q H W L V K L I I K Q M M L I H T P K G R T W T L M I V S L I M F I G S T N L L G L L P H T F T P T T Q L S M N L S M A I P L W A G A V I T G F R H K L K S S L A H F L P Q G T P I S L I P M L I I I E T I S L F I Q P M A L A V R L T A N I T A G H L L M H L I G G A T L V L M N I S P P T A T I T F I I L L L L T I L E F A V A L I Q A Y V F T L L V S L Y L H D N T
ENSMUST00000082409	M T H Q T H A Y H M V N P S P W P L T G A F S A L L L T S G L V M W F H Y N S I T L L T L G L L T N I L T M Y Q W W R D V I R E G T Y Q G H H T P I V Q K G L R Y G M I L F I V S E V F F F A G F F W A F Y H S S L V P T H D L G G C W P P T G I S P L N P L E V P L L N T S V L L A S G V S I T W A H H S L M E G K R N H M N Q A L L I T I M L G L Y F T I L Q A S E Y F E T S F S I S D G I Y G S T F F M A T G F H G L H V I I G S T F L I V C L L R Q L K F H F T S K H H F G F E A A A W Y W H F V D V V W L F L Y V S I Y W W G S
ENSMUST00000082411	I N L Y T V I F I N I L L S L T L I L V A F W L P Q M N L Y S E K A N P Y E C G F D P T S S A R L P F S M K F F L V A I T F L L F D L E I A L L L P L P W A I Q T I K T S T M M I M A F I L V T I L S L G L A Y E W T Q K G L E W T E
ENSMUST00000084013	M P S T F F N L T M A F S L S L L G T L M F R S H L M S T L L C L E G M V L S L F I M T S V T S L N S N S M S S M P I P I T I L V F A A C E A A V G L A L L V K V S N T Y G T D Y V Q N L N L L Q C
ENSMUST00000082414	M L K I I L P S L M L L P L T W L S S P K K T W T N V T S Y S F L I S L T S L T L L W Q T D E N Y K N F S N M F S S D P L S T P L I I L T A W L L P L M L M A S Q N H L K K D N N V L Q K L Y I S M L I S L Q I L L I M T F S A T E L I M F Y I L F E A T L I P T L I I I T R W G N Q T E R L N A G I Y F L F Y T L I G S I P L L I A L I L I Q N H V G T L N L M I L S F T T H T L D A S W S N N L L W L A C M M A F L I K M P L Y G V H L W L P K A H V E A P I A G S M I L A A I L L K L G S Y G M I R I S I I L D P L T K Y M A Y P F I L L S L W G M I M T S S I C L R Q T D L K S L I A Y S S V S H M A L V I A S I M I Q T P W S F M G A T M L M I A H G L T S S L L F C L A N S N Y E R I H S R T M I M A R G L Q M V F P L M A T W W L M A S L A N L A L P P S I N L M G E L F I T M S L F S W S N F T I I L M G I N I I I T G M Y S M Y M I I T T Q R G K L T N H M I N L Q P S H T R E L T L M A L H M I P L I L L T T S P K L I T G L T M
ENSMUST00000082418	I N I F T T S I L L I F I L L L S P I L I S M S N L I K H I N F P L Y T T T S I K F S F I I S L L P L L M F F H N N M E Y M I T T W H W V T M N S M E L K M S F K T D F F S I L F T S V A L F V T W S I M Q F S S W Y M H S D P N I N R F I K Y L T L F L I T M L I L T S A N N M F Q L F I G W E G V G I M S F L L I G W W Y G R T D A N T A A L Q A I L Y N R I G D I G F I L A M V W F S L N M N S W E L Q Q I M F S N N N D N L I P L M G L L I A A T G K S A Q F G L H P W L P S A M E G P T P V S A L L H S S T M V V A G I F L L V R F H P L T T N N N F I L T T M L C L G A L T T L F T A I C A L T Q N D I K K I I A F S T S S Q L G L M M V T L G M N Q P H L A F L H I C T H A F F K A M L F M C S G S I I H S L A D E Q D I R K M G N I T K I M P F T S S C L V I G S L A L T G M P F L T G F Y S K D L I I E A I N T C N T N A W A L L I T L I A T S M T A M Y S M R I I Y F V T M T K P R F P P L I S I N E N D P D L M N P I K R L A F G S I F A G F V I S Y N I P P T S I P V L T M P W F L K T T A L I I S V L G F L I A L E L N N L T M K L S M N K A N P Y S S F S T L L G F F P S I I H R I T P M K S L N L S L K T S L T L L D L I W L E K T I P K S T S T L H T N M T T L T T N Q K G L I K L Y F M S F L I N I I L I I I L Y S I N L E
ENSMUST00000082419	M N N Y I F V L S S L F L V G C L G L A L K P S P I Y G G L G L I V S G F V G C L M V L G F G G S F L G L M V F L I Y L G G M L V V F G Y T T A M A T E E Y P E T W G S N W L I L G F L V L G V I M E V F L I C V L N Y Y D E V G V I N L D G L G D W L M Y E V D D V G V M L E G G I G V A A M Y S C A T W M M V V A G W S L F A G I F I I I E I T R D
ENSMUST00000082421	M T N M R K T H P L F K I I N H S F I D L P A P S N I S S W W N F G S L L G V C L M V Q I I T G L F L A M H Y T S D T M T A F S S V T H I C R D V N Y G W L I R Y M H A N G A S M F F I C L F L H V G R G L Y Y G S Y T F M E T W N I G V L L L F A V M A T A F M G Y V L P W G Q M S F W G A T V I T N L L S A I P Y I G T T L V E W I W G G F S V D K A T L T R F F A F H F I L P F I I A A L A I V H L L F L H E T G S N N P T G L N S D A D K I P F H P Y Y T I K D I L G I L I M F L I L M T L V L F F P D M L G D P D N Y M P A N P L N T P P H I K P E W Y F L F A Y A I L R S I P N K L G G V L A L I L S I L I L A L M P F L H T S K Q R S L M F R P I T Q I L Y W I L V A N L L I L T W I G G Q P V E H P F I I I G Q L A S I S Y F S I I L I L M P I S G I I E D K M L K L Y P
