ENSRNOT00000047550	GTG TAC TTT ATT AAT ATC CTA ACA CTC CTA ATC CCA ATC TTA ATT GCC ATA GGC CTT CTC ACC CTA GTA GAA CGG AAA ATC CTA GGC TAC ATA CAA TTA CGC AAA GGC CCC AAC AAC GAA GGC CCA TAT GGT AAA CTA CAA CCA TTT GCA GAT GCC ATA AAA CTA TTC ATA AAA GAA CCC ATA CGC CCT CTA ACC ACC TCA ATA TCA CTA TTT ATT ATC GCC CCA ACC CTC TCC CTT ACA CTA GCT CTA AGC CTA TGA ATT CCC TTA CCA ATA CCC CAC CCC CTT ATC AAC CTC AAC CTA GGC ATA CCA TTT ATT CTA GCC ACA TCC AGC CTT TCG GTC TAC TCC ATT CTA TGA TCG GGA TGA GCC TCA AAT TCA AAA TAC TCC CTA TTC GGA GCC CTA CGA GCC GTT GCC CAA ACC ATC TCT TAC GAA GTC ACA ATA GCC TTA TAC CTC TTA TCC GTC CTC CTA ATA AGC GGC TCC TTC TCC CTA CAA ATA CTT ATC ACT ACA CAA GAA CAT ATC TGA CTA TTA ATC CCC GCC TGA CCA ATA GCC ATA ATA TGA TAC ATT TCA ACC CTC GCA GAA ACA AAT CGA GCT CCC TTC GAC TTA ACA GAA GGA GAA TCA GAA TTA GTC TCA GGC TTT AAC GTC GAA TAC GCC GCA GGA CCA TTC GCC CTA TTC TTC ATA GCC GAG TAC ACC AAC ATT ATT CTA ATA AAC GCC CTA ACA TCA ATT GTA TTC CTA GGC CCC TTA TAT CAT ATC AAT TAC CCT GAA TTA TAC TCA ACC AGC TTC ATA ACA GAA ACA CTA CTT CTA TCC ACA ACT TTC CTA TGG ATT CGA GCA TCC TAC CCC CGT TTT CGA TAT GAC CAA CTA ATG CAC CTC CTA TGA AAA AAT TTC CTC CCA CTA ACA CTA GCA TTC TGC ATA TGA TAC ATT TCC CTG CCA ATT TTC CTA GCA GGA ATT CCA CCC TAC ACA
ENSRNOT00000040993	ATA AAT CCA ATT ACC CTA ACC ATT ATT TAC TTA ACC ACC TTT AAA GGC CGC CTA ATC ACG ACA CTT AGC ACC AAC TTA CCA CCA ATA TGA GTA GGA TTG GAA ATA AGC CTT TTA GCT ATC ATC CCA CTT CTA GCC AAC AAA AAA AGC CCA CGA TCA ACT GAA GCA GCA ACA AAA TAT TTT CTA ACC CAA GCT ACA GCC TCA ATA ATT ATC CTA CTA GTC ATC ATC CTC AAC TAC AAA CAA TCA GGA ATA TGA ACC CTT CAA CAA CAA ACC AAT AAC ATA CTA CTC AAC ATA ATA CTC ATT TCA CTG GCC ATA AAA CTT GGA CTA GCC CCA TTC CAC TAC TGA CTA CCC GAA GTC ACC CAA GGA ATT CCC CTA CAC ATT GGA TTA ATC TTA CTA ACA TGA CAA AAA ATT GCT CCA CTA TCA ATT CTA TAC CAA TTT TAT CAA CTC CTA AAC CCA ACT ATC ACC ACC ATT CTC GCA ATT TCA TCA GTC TTT GTT GGC GCC TGA GGA GGA CTT AAC CAG ACC CAA ACA CGA AAA ATC ATA GCA TAC TCA TCA ATT GCC CAC ATA GGA TGA ATA ACA GCA ATC CTT CCA TAC AAC CCT AAC TTA ACC CTC CTA AAC TTA ACA ATT TAC ATC CTA CTT ACT GTT CCA ATA TTC AAT TAC ATC ATA ACA AAC TCA GCA ACA ACA ATC AAC ACA CTC TCA CTC GCA TGA AAT AAA ACT CCC ATA ATC CTA ACC ATA GCA TCC ATC ATC CTC CTA TCA CTA GGA GGA CTC CCC CCT CTC ACA GGA TTT TTA CCA AAA TGA GCA ATT ATC TCC GAG CTT CTA AAA AAC AAC TGC TCA ACC CTA TCA ACA CTA ATA GCT ATC ATA GCC CTA TTA AGC CTA TTC TTC TAT ACT CGA CTA ATT TAC TCT ATA TCC CTC ACC ACA TTC CCA ACC AAC AAC AAC TCC AAA ATA ATC TCC CAC CAC CAA AAC CCA AAA CAT AAT TTT ATC CTC CCA ACC CTC ACA GTA TTA AGT ACC CTA ACC CTA CCG CTT TCC TCC CAA CTA ATC ACA
ENSRNOT00000050156	ATG TTC GTA AAC CGT TGA CTC TTT TCA ACT AAC CAC AAA GAT ATC GGA ACC CTC TAC CTA TTA TTT GGA GCC TGA GCA GGA ATA GTA GGG ACA GCT TTG AGT ATT CTA ATT CGA GCT GAA CTA GGA CAG CCA GGC GCA CTC CTA GGA GAT GAC CAA ATC TAT AAT GTC ATC GTC ACA GCC CAT GCA TTC GTA ATA ATT TTC TTT ATA GTA ATA CCT ATA ATA ATT GGA GGC TTC GGA AAC TGA CTT GTA CCA CTA ATA ATT GGA GCC CCT GAT ATA GCA TTC CCA CGA ATA AAT AAC ATA AGC TTT TGA CTG CTT CCT CCA TCA TTT CTA CTC CTT TTA GCA TCC TCC ATA GTA GAA GCT GGA GCT GGA ACA GGA TGA ACA GTA TAT CCC CCC TTA GCC GGA AAC CTA GCC CAT GCT GGG GTA TCC GTA GAT TTA ACT ATT TTT TCC CTC CAC CTA GCC GGG GTG TCT TCT ATC TTA GGA GCT ATC AAC TTT ATC ACC ACT ATC ATT AAT ATA AAA CCC CCT GCT ATA ACC CAA TAT CAG ACA CCT CTC TTT GTA TGA TCC GTA CTA ATT ACA GCC GTC CTA CTA CTT CTC TCA CTG CCA GTA TTA GCA GCA GGT ATC ACT ATA CTC CTT ACA GAC CGA AAT CTA AAT ACT ACT TTC TTC GAC CCC GCT GGA GGT GGA GAC CCA ATT CTT TAT CAA CAC CTA TTC TGA TTC TTC GGC CAC CCA GAA GTG TAC ATC TTA ATT CTT CCA GGG TTT GGA ATT ATT TCA CAT GTA GTT ACC TAT TAC TCT GGA AAA AAA GAA CCC TTC GGA TAT ATA GGT ATG GTA TGA ACC ATA ATA TCT ATT GGC TTC CTA GGA TTT ATT GTA TGA GCA CAT CAC ATA TTC ACA GTA GGC CTA GAT GTA GAC ACC CGA GCC TAC TTT ACA TCT GCC ACT ATA ATT ATC GCA ATT CCT ACA GGC GTA AAA GTA TTC AGC TGA CTC GCT ACA CTA CAT GGA GGA AAT ATC AAA TGA TCC CCC GCC ATA TTA TGA GCC TTA GGG TTT ATC TTC TTA TTC ACA GTA GGG GGC CTA ACA GGG ATC GTA CTA TCT AAC TCA TCC CTT GAC ATT GTA CTT CAT GAT ACA TAC TAC GTA GTA GCT CAC TTC CAC TAT GTC TTA TCT ATA GGA GCA GTA TTC GCC ATC ATA GCT GGC TTC GTC CAC TGA TTC CCA CTA TTC TCA GGC TAT ACC CTA AAT GAC ACA TGA GCA AAA GCC CAC TTT GCC ATT ATA TTT GTA GGT GTA AAC ATA ACA TTT TTT CCT CAA CAC TTC CTA GGA TTA GCA GGG ATA CCT CGT CGT TAC TCT GAT TAT CCA GAT GCT TAT ACC ACA TGA AAT ACA GTC TCC TCT ATA GGC TCA TTC ATC TCA CTT ACG GCC GTC CTT GTA ATG ATC TTC ATG ATT TGA GAA GCC TTC GCA TCA AAA CGA GAA GTG CTC TCA ATT TCC TAC TCT TCA ACT AAC CTA GAA TGA CTG CAT GGA TGC CCC CCA CCT TAC CAC ACA TTC GAA GAA CCT TCC TAT GTA AAA GTT AAA
ENSRNOT00000043693	ATG GCT TAC CCA TTT CAA CTT GGC TTA CAA GAC GCT ACA TCA CCT ATC ATA GAA GAA CTT ACA AAC TTT CAT GAC CAC ACC CTA ATA ATT GTA TTC CTC ATC AGC TCC CTA GTA CTT TAT ATT ATT TCA CTA ATA CTA ACA ACA AAA CTA ACA CAC ACA AGC ACA ATA GAC GCC CAA GAA GTA GAA ACA ATT TGA ACA ATT CTC CCA GCT GTC ATT CTT ATT CTA ATT GCC CTT CCC TCC CTA CGA ATT CTA TAC ATA ATA GAC GAG ATT AAT AAC CCA GTT CTA ACA GTA AAA ACT ATA GGA CAC CAA TGA TAC TGA AGC TAT GAA TAT ACT GAC TAT GAA GAC CTA TGC TTT GAC TCC TAC ATA ATC CCA ACC AAT GAC CTA AAA CCA GGT GAA CTT CGT CTA TTA GAA GTT GAT AAT CGG GTA GTC TTA CCA ATA GAA CTT CCA ATT CGT ATA CTA ATC TCA TCC GAA GAC GTC CTG CAC TCA TGA GCC ATC CCT TCA CTA GGG TTA AAA ACC GAC GCA ATC CCC GGC CGC CTA AAC CAA GCT ACA GTC ACA TCA AAC CGA CCA GGT CTA TTC TAT GGC CAA TGC TCT GAA ATT TGC GGC TCA AAT CAC AGC TTC ATA CCC ATT GTA CTA GAA ATA GTG CCT CTA AAA TAT TTC GAA AAC TGA TCA GCT TCT ATA ATT
ENSRNOT00000046201	ATG CCA CAA CTA GAC ACA TCC ACA TGA TTT ATT ACA ATC ATC TCC TCA ATA GCC ACA CTA TTT ATT TTA TTT CAA TTA AAA ATT TCT TCC CAA ACC TTT CCT GCA CCT CCC TCA CCC AAA ACT ATA GCC ACA GAA AAA ACG AAT AAC CCT TGA GAA TCA AAA TGA ACG AAA ATC TAT TTG CCT CTT TCA TTA CCC CCA CAA
ENSRNOT00000046108	ATG AAC GAA AAT CTA TTT GCC TCT TTC ATT ACC CCC ACA ATA ATA GGT CTA CCA ATT GTT GTG ACC ATT ATT ATG TTC CCA TCA ATT CTA TTC CCA TCA TCA GAA CGC CTA ATC AGC AAC CGA CTA CAC TCA TTT CAA CAC TGA CTA ATC AAA CTT ATC ATC AAA CAA ATA ATG TTA ATT CAC ACA CCA AAA GGA CGA ACC TGA GCC CTA ATA ATT GTA TCC CTA ATT ATA TTT ATT GGC TCA ACC AAC CTT CTA GGG CTT CTT CCC CAT ACA TTT ACC CCT ACC ACT CAG CTA TCT ATA GAC CTA AGC ATA GCC ATC CCC CTA TGA GCA GGA GCC GTA ATT CTA GGT TTC CGA CAC AAA CTA AAA AAT TCT TTA GCC CAC TTC TCA CCG CAA GGA ACC CCC ATC TCA CTA ATT CCC ATA CTA ATC ATC ATC GAA ACT ATC AGC CTA TTT ATT CAA CCG ATA GCA CTA GCA GTA CGA CTA ACA GCA AAC ATT ACA GCA GGC CAT CTA TTA ATG CAT CTA ATC GGA GGA GCT ACC CTA GTA CTT ATA GAC ATC AGC CCA CCA ACC GCT ACA ATT ACA TTT ATT ATT CTA CTT CTA CTT ACA GTA CTT GAA TTT GCC GTA GCC TTA ATT CAA GCC TAT GTA TTC ACC CTT CTA GTC AGC CTG TAC CTA CAT GAT AAC ACA
ENSRNOT00000049683	ATG ACC CAC CAA ACC CAT GCA TAC CAT ATA GTA AAC CCA AGC CCA TGA CCA CTA ACA GGA GCC CTA TCA GCT CTT CTA CTC ACA TCC GGC TTA GTA ATA TGA TTC CAT TAC AAC TCC ACA ATT CTC CTA TCA TTA GGC CTC CTG ACA AAC ATC CTA ACT ATA TAT CAA TGA TGA CGA GAT ATC ATC CGT GAA GGA ACA TAC CAA GGC CAC CAC ACC CCT ATT GTA CAA AAA GGC CTC CGA TAC GGA ATA ATC CTG TTT ATT GTC TCC GAA GTA TTC TTC TTT GCC GGA TTT TTC TGA GCA TTT TAT CAT TCC AGC CTA GTT CCT ACC CAC GAC CTA GGC GGT TGC TGA CCC CCA ACA GGA ATC ACC CCT TTA AAT CCC CTA GAA GTA CCC CTT CTA AAT ACA TCA GTC CTC TTA GCA TCA GGA GTC TCA ATT ACA TGA GCC CAT CAC AGC CTA ATA GAA GGC AAC CGA AAC CAT ATA AAC CAA GCC CTA CTA ATC ACC ATT CTC TTA GGA TTA TAT TTC ACT ATC TTA CAA GCC TCA GAG TAT TTC GAA ACA TCA TTT TCT ATC TCA GAC GGA ATT TAC GGC TCA ACA TTC TTC ATA GCA ACG GGA TTT CAT GGC CTC CAC GTA ATT ATT GGC TCA ACT TTC CTA ATT GTC TGT CTA CTA CGA CAA CTA AAA TTC CAC TTC ACA TCA AAA CAT CAT TTC GGA TTT GAA GCC GCA GCA TGA TAC TGA CAC TTC GTA GAT GTA GTT TGA CTA TTC CTA TAC GTT TCT ATC TAT TGA TGA GGA TCC
ENSRNOT00000041241	ATT AAC CTA CCC ATT ATC ATC ACA ATT AAC ATC ACC TTA TCC TTT ATC CTC ATT TCA ATT GCA TTC TGA TTG CCT CAA ATA AAC TTA TAC TCC GAA AAA GCA AAC CCA TAT GAA TGT GGC TTC GAC CCA ACA AGT TCT GCA CGC CTT CCT TTT TCA ATA AAA TTT TTC TTA GTA GCC ATT ACA TTT CTA CTA TTC GAC CTA GAA ATC GCC TTA CTA CTT CCC CTC CCA TGA GCG ATT CAA ACA ACC AAT ACC ACT ACA ATA ATA GCA ACT GCC TTT ATT TTA GTC ACT ATT TTG TCT CTT GGC CTA GCC TAC GAA TGA ACA CAA AAA GGA CTA GAA TGA ACA GAA
ENSRNOT00000044582	ATG ACA TCT GCT TTC CTA AAT TTA ACT ATA GCC TTT ACA TTA TCT CTA CTA GGT ACT TTT ATA TTT CGC TCC CAC CTA ATA TCC ACT CTC CTC TGC CTA GAA GGA ATA ATA CTA TCA CTA TTT GTC ATA ACT TCA ACA TCC ACA TTA AAC TCC AAC TCC ATA ATC TCC ATA ACC ATC CCA ATT ACC ATT CTA GTT TTT GCA GCC TGC GAA GCA GCA GTA GGT TTA GCC TTA CTA GTA AAA ATT TCA AAT ACT TAC GGA ACA GAC TAC GTA CAA AAC CTC AAC CTT CTA CAA TGT
ENSRNOT00000042928	ATG TTA AAA ATT ATT TTC CCA TCT ATC ATA CTC CTC CCA CTA ACA TGA CTC TCA GCC AAC AAA AAA ATC TGA ACC AAT GTC ACC TCC TAC AGC TTT CTA GTG AGC CTA TTA AGC TTA TCA CTC CTA TGA CAA AAT GAC GAA AAT TAC CTA AAT TTC TCA GTT ATA TTC TCC TCC GAT CCA TTA TCC ACC CCA CTA ATC ATT CTA ACA ACT TGA CTC CTC CCA CTA ATA ATG CTC GCT AGC CAA AAT CAC ATA AAA AAA GAA AAT ATA ATG CAT CAA AAA CTT TAC ATC TCA ATA CTT ATT AGC CTC CAA ATT TTA CTC ATC ATA ACA TTC TCC GCA ACA GAA CTA ATT TTA TTT TAT ATC CTG TTC GAG GCC ACT CTA ATC CCA ACA CTA ATT ATC ATT ACA CGA TGA GGC AAC CAA ACA GAA CGC TTA AAT GCA GGA ATT TAT TTC CTG TTT TAT ACA CTA ATT GGC TCC ATC CCA CTC TTA ATT GCC CTC ATT TCA ATC CAA AAC TCA ATA GGA ACA CTC AAC TTC CTA ATC CTT TCC CTC ACA ACA CAC CCC CTA CCC TCA ACA TGA TCC AAC ACC ATT CTA TGA CTA GCA TGT ATA ATA GCA TTT ATA ATC AAA ATA CCA TTA TAC GGA GTC CAT CTA TGA TTA CCA AAA GCC CAC GTA GAA GCT CCA ATT GCA GGC TCT ATA ATT TTA GCA GCA ATT CTC CTA AAG CTA GGG GGT TAT GGG ATA ATA CGA GTT TCC ATC ATT CTA GAC CCC CTA ACA AAA TCT TTA GCC TAC CCA TTC ATC ATC CTC TCA TTA TGA GGC ATA ATT ATA ACT AGC TCA ATC TGC CTA CGC CAA ACA GAT CTA AAA TCA TTA ATT GCT TAC TCA TCA GTA AGC CAT ATA GCC CTA GTC ATC ACA GCC ATT ATA ATC CAG ACA CCA TGA AGC TTC ATG GGA GCC ACA ATA CTA ATA ATC GCC CAC GGC TTA ACC TCA TCA CTC TTA TTC TGC CTA GCA AAC ACC AAC TAC GAA CGA ATT CAC AGC CGA ACT ATA ATT ATA GCT CGA GGA TTA CAA ATA ATC TTT CCA TTG ATA GCA ACA TGA TGA CTA TTA GCA AGC TTA GCC AAC CTA GCA CTA CCA CCC CTA ATT AAC CTC ATA GGC GAG TTA TTC ATT GTT ATA GCA ACA TTT TCC TGA TCG AAC CCC TCT ATC ATC CTT ATA GCA ACT AAC ATT GTC ATC ACA GGA ATA TAC TCA ATA TAT ATG ATT ATC ACA ACC CAA CGA GGA AAA CTA ACC AGC CAC ATA AAC AAC CTC CAA CCT TCC CAC ACA CGA GAA TTA ACA CTC ATA GCT CTA CAC ATT ATT CCC CTC ATA CTA TTA ACA ATC AAC CCT AAA CTC ATC ACA GGC CTA ACA ATA
ENSRNOT00000048767	ATA AAT ATA ATA ACA ATC CTA ATC CTC ATA ATT CTT GAT TTA CTT ACA ACA CCA ATC ACA TTT TCA ATA ACA ATC TTA ACC AAA CTT ATG TAC TTC CGT CAT ATG CTC ATT ACA TCA ATT AAA TTC TCA TTC CTC CTT AGC CTC TTA CCT TTA CTA CTA TTC TTC CAC CAC AAC ACA GAA TAC ATA ATT ACT AAC TGA CAT TGA CTA ACT ATT AAT TCT ATT AAA CTT ACT ATA AGT TTC AAA ATT GAC TAT TTC TCA ATC CTA TTC CTA TCA GTA TCC CTA TTC GTA ACA TGA TCA ATT ATA CAA TTC TCT TCA TGA TAT ATA CAC TCT GAC CCC CAC ATT AAC CGA TTC ATT AAG TAC TTA ATA ATA TTC CTG AAT AAC ATA CTA ATC CTA ACC TCA GCT AAC AAT CTA TTC CAA CTC TTT ATT GGA TGA GAA GGG GTA GGA ATT ATA TCC TTC TTA TTA ATC GGA TGA TGA TAT GGC CTT GCA GAC GCC AAC ACA GCG GCC CTC CAA GCA ATC CTC TAC AAC CGA GTC GGA GAC ATT GGT TTC ATC CTA GCT ATA ACC TGA TTC TGC CTA AAC ATA AAC TCC TGA GAA CTC CAA CAA ATT TTC TTA ACC AAC ACC AAC AAC AAT CTA GTC CCT CTC ACA GGA CTA CTA ATT GCA GCC ACA GGA AAA TCC GCC CAA TTC GGA CTT CAT CCA TGA CTC CCA TCA GCT ATA GAA GGC CCA ACT CCC GTC TCT GCC CTA CTA CAC TCA AGC ACA ATA GTT GTA GCA GGG ATC TTC CTA ATA ATC CGA TTC CAC CCC CTA ACC TCA AAC AAT AGT ACT ATT ATA ACA GCC ATA CTA TGT CTT GGT GCA ATC ACC ACA TTA TTC ACA GCA ATC TGT GCT CTC ACC CAA AAC GAC ATC AAA AAA ATC GTA GCT TTC TCA ACA TCC AGC CAA CTA GGC CTT ATA ATA GTC ACA TTA GGG ATT AAC CAA CCC TAC CTT GCT TTC CTC CAC ATT TGC ACC CAT GCA TTC TTC AAA GCC ATA TTA TTC ATA TGC TCC GGA TCA ATC ATC CAT ATC CTC AAC GAT GAA CAA GAC ATT CGA AAA ATA GGC AAT ATA ATA AAA GCA ATA CCA TTC ACA TCA TCT TGT CTC ATT ATC GGA AGC CTA GCC CTT ACC GGA ATA CCT TTC CTC ACA GGA TTC TAT TCA AAA GAT CTC ATC ATC GAA GCC ATC AAC ACG TGT AAC ACC AAC GCC TGA GCC CTA ATA ATC ACT TTA ATC GCC ACA TCC ATA ACT GCT GTG TAC AGC ATA CGG ATC ATC TAC TTC GTC ACC ATG ACA AAA CCA CGA TAC TCC CCA CTA ATT ACT ATT AAT GAA AAC AAC CCA AAC CTC ATT AAT CCA ATC AAA CGC CTA GCA TTA GGA AGC ATC CTA GCA GGC TTC CTT ATC TCA CTA AAT ATT CCT CCA ACT AAC ATT CAA ATT CTC ACA ATA CCC TGA CAT TTA AAA ATA ACA GCC CTA CTT ATT ACA ATC CTA GGA TTT GCC ATT GCC CTA GAA CTT AAC AAT TTA ACA CTA AAT CTA TCA ATA AGC AAA CCC ACC AAA CTA TCA TCA TTC TCA ACC TCC CTA GGC TAC TAC CCA CCA ATT ATA CCC CGA ATT ATT CCT CAA AAA ACT CTA AAT TCT AGC TAC AAA TTA TCC TTA AAC CTA CTA GAC CTA ATC TGA TCA GAA AAG ACA ATC CCA AAA TCA ACC TCA ATC ACC CAA ACC CAA CTA TCT AAA ATA ATA TCC AAC CAA AAA GGA CTA ATC AAA CTA TAT TTC CTA TCA TTT CTC ATC ACT ATT TCA CTA ATT TTT ATC TTA CAC ACA CTT AAT CCC GAG TGA TTT CAA
ENSRNOT00000051268	ATG ACA AAT TAT ATG TTT ATT TTA AGT TTA CTG TTT TTG ACT GGT TGT CTA GGG TTG GCG TTG AAG CCT TCA CCT ATT TAT GGT GGG TTT GGA TTG ATT GTT AGT GGA TGT ATT GGG TGC TTA ATA GTT TTA GGG TTT GGG GGT TCG TTT TTA GGT TTA ATA GTA TTT TTA ATT TAT TTG GGT GGG ATG TTG GTT GTA TTT GGG TAT ACA ACT GCT ATG GCT ACT GAG GAA TAT CCG GAA ACT TGA GGG TCT AAT TGG TTT ATT TTT AGT TTT TTT GTT TTA GGG CTT TTT ATG GAG TTG GTA GTG TTC TAC TTG TTT AGT TTG AAT AAT AAG GTG GAG TTA GTT GAT TTT GAT AGT CTA GGC GAT TGA TTA ATG TAT GAG ATT GAT GAT GTT GGG GTT ATG TTG GAG GGG GGG ATT GGG GTT GCG GCT ATT TAT AGT TGT GCT ACT TGA ATG ATA GTG GTG GCT GGG TGG TCA TTG TTT GCG GGG ATT TTT ATT ATT ATT GAA ATC ACT CGG GAT
ENSRNOT00000042098	ATG ACA AAC ATC CGA AAA TCT CAC CCC CTA TTC AAA ATC ATC AAC CAC TCC TTT ATC GAC CTA CCG GCC CCA TCT AAC ATC TCA TCA TGA TGA AAC TTC GGT TCT CTA CTA GGA GTA TGC CTC ATA GTA CAA ATC CTC ACA GGC TTA TTC CTA GCA ATA CAC TAC ACG TCT GAT ACC ATA ACA GCA TTC TCA TCA GTC ACC CAC ATC TGC CGA GAC GTA AAC TAC GGC TGA CTA ATC CGA TAC CTA CAA GCC AAC GGC GCC TCA ATA TTT TTC ATC TGC CTA TTC CTC CAT GTG GGA CGA GGA CTA TAC TAT GGA TCC TAC ACT TTC CTA GAA ACC TGA AAC ATT GGG ATC ATC CTA CTA TTT GCA GTC ATA GCA ACT GCA TTC ATG GGC TAT GTA CTC CCA TGA GGA CAA ATA TCA TTC TGA GGA GCT ACA GTA ATT ACA AAC CTA TTA TCA GCT ATC CCT TAC ATT GGG ACT ACC CTA GTC GAA TGA ATC TGA GGA GGC TTC TCA GTA GAC AAA GCA ACC CTA ACA CGC TTC TTC GCA TTC CAC TTC ATC CTC CCA TTC ATT ATC GCC GCC CTT GCA ATT GTA CAT CTT CTT TTC CTC CAC GAA ACA GGA TCA AAT AAC CCC ACA GGA TTA AAC TCC GAC GCA GAC AAA ATC CCA TTC CAT CCA TAT TAT ACA ATT AAA GAC CTC CTA GGT GTA TTT ATA TTA CTA TTA TTC CTA ATA ACC CTA GTA CTA TTC TTC CCA GAC CTA CTA GGA GAC CCA GAC AAT TAT ACA CCC GCT AAC CCC CTC AAC ACC CCA CCC CAC ATC AAA CCA GAA TGA TAC TTT CTC TTT GCC TAC GCT ATT CTA CGC TCC ATT CCC AAC AAA CTA GGA GGG GTC GTA GCC CTA ATC TTA TCA ATC CTA ATC TTA GCC TTC CTA CCA TTC CTG CAT ACC TCA AAA CAA CGC AGC TTA ACA TTC CGC CCA ATC ACC CAA ATC CTT TAC TGA ATC CTA GTA GCC AAC CTC CTA GTC TTA ACA TGA ATC GGA GGC CAA CCA GTA GAA CAC CCA TTT ATC ATT ATT GGT CAA CTA GCC TCC ATC AGT TAT TTT TCA ATT ATC CTC ATT CTC ATA CCA ATC TCT GGA ATT GTT GAA GAC AAA ATG TTA AAA TGA AAT
