ENSRNOT00000047550	GT TG GT TA AC CT TT TT TA AT TT TA AA AT TA AT TC CC CT TA AA AC CA AC CT TC CC CT TA AA AT TC CC CC CA AA AT TC CT TT TA AA AT TT TG GC CC CA AT TA AG GG GC CC CT TT TC CT TC CA AC CC CC CT TA AG GT TA AG GA AA AC CG GG GA AA AA AA AT TC CC CT TA AG GG GC CT TA AC CA AT TA AC CA AA AT TT TA AC CG GC CA AA AA AG GG GC CC CC CC CA AA AC CA AA AC CG GA AA AG GG GC CC CC CA AT TA AT TG GG GT TA AA AA AC CT TA AC CA AA AC CC CA AT TT TT TG GC CA AG GA AT TG GC CC CA AT TA AA AA AA AC CT TA AT TT TC CA AT TA AA AA AA AG GA AA AC CC CC CA AT TA AC CG GC CC CC CT TC CT TA AA AC CC CA AC CC CT TC CA AA AT TA AT TC CA AC CT TA AT TT TT TA AT TT TA AT TC CG GC CC CC CC CA AA AC CC CC CT TC CT TC CC CC CT TT TA AC CA AC CT TA AG GC CT TC CT TA AA AG GC CC CT TA AT TG GA AA AT TT TC CC CC CT TT TA AC CC CA AA AT TA AC CC CC CC CA AC CC CC CC CC CT TT TA AT TC CA AA AC CC CT TC CA AA AC CC CT TA AG GG GC CA AT TA AC CC CA AT TT TT TA AT TT TC CT TA AG GC CC CA AC CA AT TC CC CA AG GC CC CT TT TT TC CG GG GT TC CT TA AC CT TC CC CA AT TT TC CT TA AT TG GA AT TC CG GG GG GA AT TG GA AG GC CC CT TC CA AA AA AT TT TC CA AA AA AA AT TA AC CT TC CC CC CT TA AT TT TC CG GG GA AG GC CC CC CT TA AC CG GA AG GC CC CG GT TT TG GC CC CC CA AA AA AC CC CA AT TC CT TC CT TT TA AC CG GA AA AG GT TC CA AC CA AA AT TA AG GC CC CT TT TA AT TA AC CC CT TC CT TT TA AT TC CC CG GT TC CC CT TC CC CT TA AA AT TA AA AG GC CG GG GC CT TC CC CT TT TC CT TC CC CC CT TA AC CA AA AA AT TA AC CT TT TA AT TC CA AC CT TA AC CA AC CA AA AG GA AA AC CA AT TA AT TC CT TG GA AC CT TA AT TT TA AA AT TC CC CC CC CG GC CC CT TG GA AC CC CA AA AT TA AG GC CC CA AT TA AA AT TA AT TG GA AT TA AC CA AT TT TT TC CA AA AC CC CC CT TC CG GC CA AG GA AA AA AC CA AA AA AT TC CG GA AG GC CT TC CC CC CT TT TC CG GA AC CT TT TA AA AC CA AG GA AA AG GG GA AG GA AA AT TC CA AG GA AA AT TT TA AG GT TC CT TC CA AG GG GC CT TT TT TA AA AC CG GT TC CG GA AA AT TA AC CG GC CC CG GC CA AG GG GA AC CC CA AT TT TC CG GC CC CC CT TA AT TT TC CT TT TC CA AT TA AG GC CC CG GA AG GT TA AC CA AC CC CA AA AC CA AT TT TA AT TT TC CT TA AA AT TA AA AA AC CG GC CC CC CT TA AA AC CA AT TC CA AA AT TT TG GT TA AT TT TC CC CT TA AG GG GC CC CC CC CT TT TA AT TA AT TC CA AT TA AT TC CA AA AT TT TA AC CC CC CT TG GA AA AT TT TA AT TA AC CT TC CA AA AC CC CA AG GC CT TT TC CA AT TA AA AC CA AG GA AA AA AC CA AC CT TA AC CT TT TC CT TA AT TC CC CA AC CA AA AC CT TT TT TC CC CT TA AT TG GG GA AT TT TC CG GA AG GC CA AT TC CC CT TA AC CC CC CC CC CG GT TT TT TT TC CG GA AT TA AT TG GA AC CC CA AA AC CT TA AA AT TG GC CA AC CC CT TC CC CT TA AT TG GA AA AA AA AA AA AT TT TT TC CC CT TC CC CC CA AC CT TA AA AC CA AC CT TA AG GC CA AT TT TC CT TG GC CA AT TA AT TG GA AT TA AC CA AT TT TT TC CC CC CT TG GC CC CA AA AT TT TT TT TC CC CT TA AG GC CA AG GG GA AA AT TT TC CC CA AC CC CC CT TA AC CA AC CA AT TA AG
ENSRNOT00000040993	AT TA AA AA AT TC CC CA AA AT TT TA AC CC CC CT TA AA AC CC CA AT TT TA AT TT TT TA AC CT TT TA AA AC CC CA AC CC CT TT TT TA AA AA AG GG GC CC CG GC CC CT TA AA AT TC CA AC CG GA AC CA AC CT TT TA AG GC CA AC CC CA AA AC CT TT TA AC CC CA AC CC CA AA AT TA AT TG GA AG GT TA AG GG GA AT TT TG GG GA AA AA AT TA AA AG GC CC CT TT TT TT TA AG GC CT TA AT TC CA AT TC CC CC CA AC CT TT TC CT TA AG GC CC CA AA AC CA AA AA AA AA AA AA AG GC CC CC CA AC CG GA AT TC CA AA AC CT TG GA AA AG GC CA AG GC CA AA AC CA AA AA AA AT TA AT TT TT TT TC CT TA AA AC CC CC CA AA AG GC CT TA AC CA AG GC CC CT TC CA AA AT TA AA AT TT TA AT TC CC CT TA AC CT TA AG GT TC CA AT TC CA AT TC CC CT TC CA AA AC CT TA AC CA AA AA AC CA AA AT TC CA AG GG GA AA AT TA AT TG GA AA AC CC CC CT TT TC CA AA AC CA AA AC CA AA AA AC CC CA AA AT TA AA AC CA AT TA AC CT TA AC CT TC CA AA AC CA AT TA AA AT TA AC CT TC CA AT TT TT TC CA AC CT TG GG GC CC CA AT TA AA AA AA AC CT TT TG GG GA AC CT TA AG GC CC CC CC CA AT TT TC CC CA AC CT TA AC CT TG GA AC CT TA AC CC CC CG GA AA AG GT TC CA AC CC CC CA AA AG GG GA AA AT TT TC CC CC CC CT TA AC CA AC CA AT TT TG GG GA AT TT TA AA AT TC CT TT TA AC CT TA AA AC CA AT TG GA AC CA AA AA AA AA AA AT TT TG GC CT TC CC CA AC CT TA AT TC CA AA AT TT TC CT TA AT TA AC CC CA AA AT TT TT TT TA AT TC CA AA AC CT TC CC CT TA AA AA AC CC CC CA AA AC CT TA AT TC CA AC CC CA AC CC CA AT TT TC CT TC CG GC CA AA AT TT TT TC CA AT TC CA AG GT TC CT TT TT TG GT TT TG GG GC CG GC CC CT TG GA AG GG GA AG GG GA AC CT TT TA AA AC CC CA AG GA AC CC CC CA AA AA AC CA AC CG GA AA AA AA AA AT TC CA AT TA AG GC CA AT TA AC CT TC CA AT TC CA AA AT TT TG GC CC CC CA AC CA AT TA AG GG GA AT TG GA AA AT TA AA AC CA AG GC CA AA AT TC CC CT TT TC CC CA AT TA AC CA AA AC CC CC CT TA AA AC CT TT TA AA AC CC CC CT TC CC CT TA AA AA AC CT TT TA AA AC CA AA AT TT TT TA AC CA AT TC CC CT TA AC CT TT TA AC CT TG GT TT TC CC CA AA AT TA AT TT TC CA AA AT TT TA AC CA AT TC CA AT TA AA AC CA AA AA AC CT TC CA AG GC CA AA AC CA AA AC CA AA AT TC CA AA AC CA AC CA AC CT TC CT TC CA AC CT TC CG GC CA AT TG GA AA AA AT TA AA AA AA AC CT TC CC CC CA AT TA AA AT TC CC CT TA AA AC CC CA AT TA AG GC CA AT TC CC CA AT TC CA AT TC CC CT TC CC CT TA AT TC CA AC CT TA AG GG GA AG GG GA AC CT TC CC CC CC CC CC CT TC CT TC CA AC CA AG GG GA AT TT TT TT TT TA AC CC CA AA AA AA AT TG GA AG GC CA AA AT TT TA AT TC CT TC CC CG GA AG GC CT TT TC CT TA AA AA AA AA AA AC CA AA AC CT TG GC CT TC CA AA AC CC CC CT TA AT TC CA AA AC CA AC CT TA AA AT TA AG GC CT TA AT TC CA AT TA AG GC CC CC CT TA AT TT TA AA AG GC CC CT TA AT TT TC CT TT TC CT TA AT TA AC CT TC CG GA AC CT TA AA AT TT TT TA AC CT TC CT TA AT TA AT TC CC CC CT TC CA AC CC CA AC CA AT TT TC CC CC CA AA AC CC CA AA AC CA AA AC CA AA AC CT TC CC CA AA AA AA AT TA AA AT TC CT TC CC CC CA AC CC CA AC CC CA AA AA AA AC CC CC CA AA AA AA AC CA AT TA AA AT TT TT TT TA AT TC CC CT TC CC CC CA AA AC CC CC CT TC CA AC CA AG GT TA AT TT TA AA AG GT TA AC CC CC CT TA AA AC CC CC CT TA AC CC CG GC CT TT TT TC CC CT TC CC CC CA AA AC CT TA AA AT TC CA AC CA AT TA AG
ENSRNOT00000050156	AT TG GT TT TC CG GT TA AA AA AC CC CG GT TT TG GA AC CT TC CT TT TT TT TC CA AA AC CT TA AA AC CC CA AC CA AA AA AG GA AT TA AT TC CG GG GA AA AC CC CC CT TC CT TA AC CC CT TA AT TT TA AT TT TT TG GG GA AG GC CC CT TG GA AG GC CA AG GG GA AA AT TA AG GT TA AG GG GG GA AC CA AG GC CT TT TT TG GA AG GT TA AT TT TC CT TA AA AT TT TC CG GA AG GC CT TG GA AA AC CT TA AG GG GA AC CA AG GC CC CA AG GG GC CG GC CA AC CT TC CC CT TA AG GG GA AG GA AT TG GA AC CC CA AA AA AT TC CT TA AT TA AA AT TG GT TC CA AT TC CG GT TC CA AC CA AG GC CC CC CA AT TG GC CA AT TT TC CG GT TA AA AT TA AA AT TT TT TT TC CT TT TT TA AT TA AG GT TA AA AT TA AC CC CT TA AT TA AA AT TA AA AT TT TG GG GA AG GG GC CT TT TC CG GG GA AA AA AC CT TG GA AC CT TT TG GT TA AC CC CA AC CT TA AA AT TA AA AT TT TG GG GA AG GC CC CC CC CT TG GA AT TA AT TA AG GC CA AT TT TC CC CC CA AC CG GA AA AT TA AA AA AT TA AA AC CA AT TA AA AG GC CT TT TT TT TG GA AC CT TG GC CT TT TC CC CT TC CC CA AT TC CA AT TT TT TC CT TA AC CT TC CC CT TT TT TT TA AG GC CA AT TC CC CT TC CC CA AT TA AG GT TA AG GA AA AG GC CT TG GG GA AG GC CT TG GG GA AA AC CA AG GG GA AT TG GA AA AC CA AG GT TA AT TA AT TC CC CC CC CC CC CT TT TA AG GC CC CG GG GA AA AA AC CC CT TA AG GC CC CC CA AT TG GC CT TG GG GG GG GT TA AT TC CC CG GT TA AG GA AT TT TT TA AA AC CT TA AT TT TT TT TT TT TC CC CC CT TC CC CA AC CC CT TA AG GC CC CG GG GG GG GT TG GT TC CT TT TC CT TA AT TC CT TT TA AG GG GA AG GC CT TA AT TC CA AA AC CT TT TT TA AT TC CA AC CC CA AC CT TA AT TC CA AT TT TA AA AT TA AT TA AA AA AA AC CC CC CC CC CT TG GC CT TA AT TA AA AC CC CC CA AA AT TA AT TC CA AG GA AC CA AC CC CT TC CT TC CT TT TT TG GT TA AT TG GA AT TC CC CG GT TA AC CT TA AA AT TT TA AC CA AG GC CC CG GT TC CC CT TA AC CT TA AC CT TT TC CT TC CT TC CA AC CT TG GC CC CA AG GT TA AT TT TA AG GC CA AG GC CA AG GG GT TA AT TC CA AC CT TA AT TA AC CT TC CC CT TT TA AC CA AG GA AC CC CG GA AA AA AT TC CT TA AA AA AT TA AC CT TA AC CT TT TT TC CT TT TC CG GA AC CC CC CC CG GC CT TG GG GA AG GG GT TG GG GA AG GA AC CC CC CA AA AT TT TC CT TT TT TA AT TC CA AA AC CA AC CC CT TA AT TT TC CT TG GA AT TT TC CT TT TC CG GG GC CC CA AC CC CC CA AG GA AA AG GT TG GT TA AC CA AT TC CT TT TA AA AT TT TC CT TT TC CC CA AG GG GG GT TT TT TG GG GA AA AT TT TA AT TT TT TC CA AC CA AT TG GT TA AG GT TT TA AC CC CT TA AT TT TA AC CT TC CT TG GG GA AA AA AA AA AA AA AG GA AA AC CC CC CT TT TC CG GG GA AT TA AT TA AT TA AG GG GT TA AT TG GG GT TA AT TG GA AA AC CC CA AT TA AA AT TA AT TC CT TA AT TT TG GG GC CT TT TC CC CT TA AG GG GA AT TT TT TA AT TT TG GT TA AT TG GA AG GC CA AC CA AT TC CA AC CA AT TA AT TT TC CA AC CA AG GT TA AG GG GC CC CT TA AG GA AT TG GT TA AG GA AC CA AC CC CC CG GA AG GC CC CT TA AC CT TT TT TA AC CA AT TC CT TG GC CC CA AC CT TA AT TA AA AT TT TA AT TC CG GC CA AA AT TT TC CC CT TA AC CA AG GG GC CG GT TA AA AA AA AG GT TA AT TT TC CA AG GC CT TG GA AC CT TC CG GC CT TA AC CA AC CT TA AC CA AT TG GG GA AG GG GA AA AA AT TA AT TC CA AA AA AT TG GA AT TC CC CC CC CC CG GC CC CA AT TA AT TT TA AT TG GA AG GC CC CT TT TA AG GG GG GT TT TT TA AT TC CT TT TC CT TT TA AT TT TC CA AC CA AG GT TA AG GG GG GG GG GC CC CT TA AA AC CA AG GG GG GA AT TC CG GT TA AC CT TA AT TC CT TA AA AC CT TC CA AT TC CC CC CT TT TG GA AC CA AT TT TG GT TA AC CT TT TC CA AT TG GA AT TA AC CA AT TA AC CT TA AC CG GT TA AG GT TA AG GC CT TC CA AC CT TT TC CC CA AC CT TA AT TG GT TC CT TT TA AT TC CT TA AT TA AG GG GA AG GC CA AG GT TA AT TT TC CG GC CC CA AT TC CA AT TA AG GC CT TG GG GC CT TT TC CG GT TC CC CA AC CT TG GA AT TT TC CC CC CA AC CT TA AT TT TC CT TC CA AG GG GC CT TA AT TA AC CC CC CT TA AA AA AT TG GA AC CA AC CA AT TG GA AG GC CA AA AA AA AG GC CC CC CA AC CT TT TT TG GC CC CA AT TT TA AT TA AT TT TT TG GT TA AG GG GT TG GT TA AA AA AC CA AT TA AA AC CA AT TT TT TT TT TT TC CC CT TC CA AA AC CA AC CT TT TC CC CT TA AG GG GA AT TT TA AG GC CA AG GG GG GA AT TA AC CC CT TC CG GT TC CG GT TT TA AC CT TC CT TG GA AT TT TA AT TC CC CA AG GA AT TG GC CT TT TA AT TA AC CC CA AC CA AT TG GA AA AA AT TA AC CA AG GT TC CT TC CC CT TC CT TA AT TA AG GG GC CT TC CA AT TT TC CA AT TC CT TC CA AC CT TT TA AC CG GG GC CC CG GT TC CC CT TT TG GT TA AA AT TG GA AT TC CT TT TC CA AT TG GA AT TT TT TG GA AG GA AA AG GC CC CT TT TC CG GC CA AT TC CA AA AA AA AC CG GA AG GA AA AG GT TG GC CT TC CT TC CA AA AT TT TT TC CC CT TA AC CT TC CT TT TC CA AA AC CT TA AA AC CC CT TA AG GA AA AT TG GA AC CT TG GC CA AT TG GG GA AT TG GC CC CC CC CC CC CA AC CC CT TT TA AC CC CA AC CA AC CA AT TT TC CG GA AA AG GA AA AC CC CT TT TC CC CT TA AT TG GT TA AA AA AA AG GT TT TA AA AA AT TA AA
ENSRNOT00000043693	AT TG GG GC CT TT TA AC CC CC CA AT TT TT TC CA AA AC CT TT TG GG GC CT TT TA AC CA AA AG GA AC CG GC CT TA AC CA AT TC CA AC CC CT TA AT TC CA AT TA AG GA AA AG GA AA AC CT TT TA AC CA AA AA AC CT TT TT TC CA AT TG GA AC CC CA AC CA AC CC CC CT TA AA AT TA AA AT TT TG GT TA AT TT TC CC CT TC CA AT TC CA AG GC CT TC CC CC CT TA AG GT TA AC CT TT TT TA AT TA AT TT TA AT TT TT TC CA AC CT TA AA AT TA AC CT TA AA AC CA AA AC CA AA AA AA AC CT TA AA AC CA AC CA AC CA AC CA AA AG GC CA AC CA AA AT TA AG GA AC CG GC CC CC CA AA AG GA AA AG GT TA AG GA AA AA AC CA AA AT TT TT TG GA AA AC CA AA AT TT TC CT TC CC CC CA AG GC CT TG GT TC CA AT TT TC CT TT TA AT TT TC CT TA AA AT TT TG GC CC CC CT TT TC CC CC CT TC CC CC CT TA AC CG GA AA AT TT TC CT TA AT TA AC CA AT TA AA AT TA AG GA AC CG GA AG GA AT TT TA AA AT TA AA AC CC CC CA AG GT TT TC CT TA AA AC CA AG GT TA AA AA AA AA AC CT TA AT TA AG GG GA AC CA AC CC CA AA AT TG GA AT TA AC CT TG GA AA AG GC CT TA AT TG GA AA AT TA AT TA AC CT TG GA AC CT TA AT TG GA AA AG GA AC CC CT TA AT TG GC CT TT TT TG GA AC CT TC CC CT TA AC CA AT TA AA AT TC CC CC CA AA AC CC CA AA AT TG GA AC CC CT TA AA AA AA AC CC CA AG GG GT TG GA AA AC CT TT TC CG GT TC CT TA AT TT TA AG GA AA AG GT TT TG GA AT TA AA AT TC CG GG GG GT TA AG GT TC CT TT TA AC CC CA AA AT TA AG GA AA AC CT TT TC CC CA AA AT TT TC CG GT TA AT TA AC CT TA AA AT TC CT TC CA AT TC CC CG GA AA AG GA AC CG GT TC CC CT TG GC CA AC CT TC CA AT TG GA AG GC CC CA AT TC CC CC CT TT TC CA AC CT TA AG GG GG GT TT TA AA AA AA AA AC CC CG GA AC CG GC CA AA AT TC CC CC CC CG GG GC CC CG GC CC CT TA AA AA AC CC CA AA AG GC CT TA AC CA AG GT TC CA AC CA AT TC CA AA AA AC CC CG GA AC CC CA AG GG GT TC CT TA AT TT TC CT TA AT TG GG GC CC CA AA AT TG GC CT TC CT TG GA AA AA AT TT TT TG GC CG GG GC CT TC CA AA AA AT TC CA AC CA AG GC CT TT TC CA AT TA AC CC CC CA AT TT TG GT TA AC CT TA AG GA AA AA AT TA AG GT TG GC CC CT TC CT TA AA AA AA AT TA AT TT TT TC CG GA AA AA AA AC CT TG GA AT TC CA AG GC CT TT TC CT TA AT TA AA AT TT TT TA AA
ENSRNOT00000046201	AT TG GC CC CA AC CA AA AC CT TA AG GA AC CA AC CA AT TC CC CA AC CA AT TG GA AT TT TT TA AT TT TA AC CA AA AT TC CA AT TC CT TC CC CT TC CA AA AT TA AG GC CC CA AC CA AC CT TA AT TT TT TA AT TT TT TT TA AT TT TT TC CA AA AT TT TA AA AA AA AA AT TT TT TC CT TT TC CC CC CA AA AA AC CC CT TT TT TC CC CT TG GC CA AC CC CT TC CC CC CT TC CA AC CC CC CA AA AA AA AC CT TA AT TA AG GC CC CA AC CA AG GA AA AA AA AA AA AC CG GA AA AT TA AA AC CC CC CT TT TG GA AG GA AA AT TC CA AA AA AA AT TG GA AA AC CG GA AA AA AA AT TC CT TA AT TT TT TG GC CC CT TC CT TT TT TC CA AT TT TA AC CC CC CC CC CA AC CA AA AT TA AA
ENSRNOT00000046108	AT TG GA AA AC CG GA AA AA AA AT TC CT TA AT TT TT TG GC CC CT TC CT TT TT TC CA AT TT TA AC CC CC CC CC CA AC CA AA AT TA AA AT TA AG GG GT TC CT TA AC CC CA AA AT TT TG GT TT TG GT TG GA AC CC CA AT TT TA AT TT TA AT TG GT TT TC CC CC CA AT TC CA AA AT TT TC CT TA AT TT TC CC CC CA AT TC CA AT TC CA AG GA AA AC CG GC CC CT TA AA AT TC CA AG GC CA AA AC CC CG GA AC CT TA AC CA AC CT TC CA AT TT TT TC CA AA AC CA AC CT TG GA AC CT TA AA AT TC CA AA AA AC CT TT TA AT TC CA AT TC CA AA AA AC CA AA AA AT TA AA AT TG GT TT TA AA AT TT TC CA AC CA AC CA AC CC CA AA AA AA AG GG GA AC CG GA AA AC CC CT TG GA AG GC CC CC CT TA AA AT TA AA AT TT TG GT TA AT TC CC CC CT TA AA AT TT TA AT TA AT TT TT TA AT TT TG GG GC CT TC CA AA AC CC CA AA AC CC CT TT TC CT TA AG GG GG GC CT TT TC CT TT TC CC CC CC CA AT TA AC CA AT TT TT TA AC CC CC CC CT TA AC CC CA AC CT TC CA AG GC CT TA AT TC CT TA AT TA AG GA AC CC CT TA AA AG GC CA AT TA AG GC CC CA AT TC CC CC CC CC CT TA AT TG GA AG GC CA AG GG GA AG GC CC CG GT TA AA AT TT TC CT TA AG GG GT TT TT TC CC CG GA AC CA AC CA AA AA AC CT TA AA AA AA AA AA AT TT TC CT TT TT TA AG GC CC CC CA AC CT TT TC CT TC CA AC CC CG GC CA AA AG GG GA AA AC CC CC CC CC CA AT TC CT TC CA AC CT TA AA AT TT TC CC CC CA AT TA AC CT TA AA AT TC CA AT TC CA AT TC CG GA AA AA AC CT TA AT TC CA AG GC CC CT TA AT TT TT TA AT TT TC CA AA AC CC CG GA AT TA AG GC CA AC CT TA AG GC CA AG GT TA AC CG GA AC CT TA AA AC CA AG GC CA AA AA AC CA AT TT TA AC CA AG GC CA AG GG GC CC CA AT TC CT TA AT TT TA AA AT TG GC CA AT TC CT TA AA AT TC CG GG GA AG GG GA AG GC CT TA AC CC CC CT TA AG GT TA AC CT TT TA AT TA AG GA AC CA AT TC CA AG GC CC CC CA AC CC CA AA AC CC CG GC CT TA AC CA AA AT TT TA AC CA AT TT TT TA AT TT TA AT TT TC CT TA AC CT TT TC CT TA AC CT TT TA AC CA AG GT TA AC CT TT TG GA AA AT TT TT TG GC CC CG GT TA AG GC CC CT TT TA AA AT TT TC CA AA AG GC CC CT TA AT TG GT TA AT TT TC CA AC CC CC CT TT TC CT TA AG GT TC CA AG GC CC CT TG GT TA AC CC CT TA AC CA AT TG GA AT TA AA AC CA AC CA AT TA AA
ENSRNOT00000049683	AT TG GA AC CC CC CA AC CC CA AA AA AC CC CC CA AT TG GC CA AT TA AC CC CA AT TA AT TA AG GT TA AA AA AC CC CC CA AA AG GC CC CC CA AT TG GA AC CC CA AC CT TA AA AC CA AG GG GA AG GC CC CC CT TA AT TC CA AG GC CT TC CT TT TC CT TA AC CT TC CA AC CA AT TC CC CG GG GC CT TT TA AG GT TA AA AT TA AT TG GA AT TT TC CC CA AT TT TA AC CA AA AC CT TC CC CA AC CA AA AT TT TC CT TC CC CT TA AT TC CA AT TT TA AG GG GC CC CT TC CC CT TG GA AC CA AA AA AC CA AT TC CC CT TA AA AC CT TA AT TA AT TA AT TC CA AA AT TG GA AT TG GA AC CG GA AG GA AT TA AT TC CA AT TC CC CG GT TG GA AA AG GG GA AA AC CA AT TA AC CC CA AA AG GG GC CC CA AC CC CA AC CA AC CC CC CC CT TA AT TT TG GT TA AC CA AA AA AA AA AG GG GC CC CT TC CC CG GA AT TA AC CG GG GA AA AT TA AA AT TC CC CT TG GT TT TT TA AT TT TG GT TC CT TC CC CG GA AA AG GT TA AT TT TC CT TT TC CT TT TT TG GC CC CG GG GA AT TT TT TT TT TC CT TG GA AG GC CA AT TT TT TT TA AT TC CA AT TT TC CC CA AG GC CC CT TA AG GT TT TC CC CT TA AC CC CC CA AC CG GA AC CC CT TA AG GG GC CG GG GT TT TG GC CT TG GA AC CC CC CC CC CA AA AC CA AG GG GA AA AT TC CA AC CC CC CC CT TT TT TA AA AA AT TC CC CC CC CT TA AG GA AA AG GT TA AC CC CC CC CT TT TC CT TA AA AA AT TA AC CA AT TC CA AG GT TC CC CT TC CT TT TA AG GC CA AT TC CA AG GG GA AG GT TC CT TC CA AA AT TT TA AC CA AT TG GA AG GC CC CC CA AT TC CA AC CA AG GC CC CT TA AA AT TA AG GA AA AG GG GC CA AA AC CC CG GA AA AA AC CC CA AT TA AT TA AA AA AC CC CA AA AG GC CC CC CT TA AC CT TA AA AT TC CA AC CC CA AT TT TC CT TC CT TT TA AG GG GA AT TT TA AT TA AT TT TT TC CA AC CT TA AT TC CT TT TA AC CA AA AG GC CC CT TC CA AG GA AG GT TA AT TT TT TC CG GA AA AA AC CA AT TC CA AT TT TT TT TC CT TA AT TC CT TC CA AG GA AC CG GG GA AA AT TT TT TA AC CG GG GC CT TC CA AA AC CA AT TT TC CT TT TC CA AT TA AG GC CA AA AC CG GG GG GA AT TT TT TC CA AT TG GG GC CC CT TC CC CA AC CG GT TA AA AT TT TA AT TT TG GG GC CT TC CA AA AC CT TT TT TC CC CT TA AA AT TT TG GT TC CT TG GT TC CT TA AC CT TA AC CG GA AC CA AA AC CT TA AA AA AA AT TT TC CC CA AC CT TT TC CA AC CA AT TC CA AA AA AA AC CA AT TC CA AT TT TT TC CG GG GA AT TT TT TG GA AA AG GC CC CG GC CA AG GC CA AT TG GA AT TA AC CT TG GA AC CA AC CT TT TC CG GT TA AG GA AT TG GT TA AG GT TT TT TG GA AC CT TA AT TT TC CC CT TA AT TA AC CG GT TT TT TC CT TA AT TC CT TA AT TT TG GA AT TG GA AG GG GA AT TC CC CT
ENSRNOT00000041241	AT TT TA AA AC CC CT TA AC CC CC CA AT TT TA AT TC CA AT TC CA AC CA AA AT TT TA AA AC CA AT TC CA AC CC CT TT TA AT TC CC CT TT TT TA AT TC CC CT TC CA AT TT TT TC CA AA AT TT TG GC CA AT TT TC CT TG GA AT TT TG GC CC CT TC CA AA AA AT TA AA AA AC CT TT TA AT TA AC CT TC CC CG GA AA AA AA AA AG GC CA AA AA AC CC CC CA AT TA AT TG GA AA AT TG GT TG GG GC CT TT TC CG GA AC CC CC CA AA AC CA AA AG GT TT TC CT TG GC CA AC CG GC CC CT TT TC CC CT TT TT TT TT TC CA AA AT TA AA AA AA AT TT TT TT TT TC CT TT TA AG GT TA AG GC CC CA AT TT TA AC CA AT TT TT TC CT TA AC CT TA AT TT TC CG GA AC CC CT TA AG GA AA AA AT TC CG GC CC CT TT TA AC CT TA AC CT TT TC CC CC CC CT TC CC CC CA AT TG GA AG GC CG GA AT TT TC CA AA AA AC CA AA AC CC CA AA AT TA AC CC CA AC CT TA AC CA AA AT TA AA AT TA AG GC CA AA AC CT TG GC CC CT TT TT TA AT TT TT TT TA AG GT TC CA AC CT TA AT TT TT TT TG GT TC CT TC CT TT TG GG GC CC CT TA AG GC CC CT TA AC CG GA AA AT TG GA AA AC CA AC CA AA AA AA AA AG GG GA AC CT TA AG GA AA AT TG GA AA AC CA AG GA AA AT TA AA
ENSRNOT00000044582	AT TG GA AC CA AT TC CT TG GC CT TT TT TC CC CT TA AA AA AT TT TT TA AA AC CT TA AT TA AG GC CC CT TT TT TA AC CA AT TT TA AT TC CT TC CT TA AC CT TA AG GG GT TA AC CT TT TT TT TA AT TA AT TT TT TC CG GC CT TC CC CC CA AC CC CT TA AA AT TA AT TC CC CA AC CT TC CT TC CC CT TC CT TG GC CC CT TA AG GA AA AG GG GA AA AT TA AA AT TA AC CT TA AT TC CA AC CT TA AT TT TT TG GT TC CA AT TA AA AC CT TT TC CA AA AC CA AT TC CC CA AC CA AT TT TA AA AA AC CT TC CC CA AA AC CT TC CC CA AT TA AA AT TC CT TC CC CA AT TA AA AC CC CA AT TC CC CC CA AA AT TT TA AC CC CA AT TT TC CT TA AG GT TT TT TT TT TG GC CA AG GC CC CT TG GC CG GA AA AG GC CA AG GC CA AG GT TA AG GG GT TT TT TA AG GC CC CT TT TA AC CT TA AG GT TA AA AA AA AA AT TT TT TC CA AA AA AT TA AC CT TT TA AC CG GG GA AA AC CA AG GA AC CT TA AC CG GT TA AC CA AA AA AA AC CC CT TC CA AA AC CC CT TT TC CT TA AC CA AA AT TG GT TT TA AA
ENSRNOT00000042928	AT TG GT TT TA AA AA AA AA AT TT TA AT TT TT TT TC CC CC CA AT TC CT TA AT TC CA AT TA AC CT TC CC CT TC CC CC CA AC CT TA AA AC CA AT TG GA AC CT TC CT TC CA AG GC CC CA AA AC CA AA AA AA AA AA AA AT TC CT TG GA AA AC CC CA AA AT TG GT TC CA AC CC CT TC CC CT TA AC CA AG GC CT TT TT TC CT TA AG GT TG GA AG GC CC CT TA AT TT TA AA AG GC CT TT TA AT TC CA AC CT TC CC CT TA AT TG GA AC CA AA AA AA AT TG GA AC CG GA AA AA AA AT TT TA AC CC CT TA AA AA AT TT TT TC CT TC CA AG GT TT TA AT TA AT TT TC CT TC CC CT TC CC CG GA AT TC CC CA AT TT TA AT TC CC CA AC CC CC CC CA AC CT TA AA AT TC CA AT TT TC CT TA AA AC CA AA AC CT TT TG GA AC CT TC CC CT TC CC CC CA AC CT TA AA AT TA AA AT TG GC CT TC CG GC CT TA AG GC CC CA AA AA AA AT TC CA AC CA AT TA AA AA AA AA AA AA AG GA AA AA AA AT TA AT TA AA AT TG GC CA AT TC CA AA AA AA AA AC CT TT TT TA AC CA AT TC CT TC CA AA AT TA AC CT TT TA AT TT TA AG GC CC CT TC CC CA AA AA AT TT TT TT TA AC CT TC CA AT TC CA AT TA AA AC CA AT TT TC CT TC CC CG GC CA AA AC CA AG GA AA AC CT TA AA AT TT TT TT TA AT TT TT TT TA AT TA AT TC CC CT TG GT TT TC CG GA AG GG GC CC CA AC CT TC CT TA AA AT TC CC CC CA AA AC CA AC CT TA AA AT TT TA AT TC CA AT TT TA AC CA AC CG GA AT TG GA AG GG GC CA AA AC CC CA AA AA AC CA AG GA AA AC CG GC CT TT TA AA AA AT TG GC CA AG GG GA AA AT TT TT TA AT TT TT TC CC CT TG GT TT TT TT TA AT TA AC CA AC CT TA AA AT TT TG GG GC CT TC CC CA AT TC CC CC CA AC CT TC CT TT TA AA AT TT TG GC CC CC CT TC CA AT TT TT TC CA AA AT TC CC CA AA AA AA AC CT TC CA AA AT TA AG GG GA AA AC CA AC CT TC CA AA AC CT TT TC CC CT TA AA AT TC CC CT TT TT TC CC CC CT TC CA AC CA AA AC CA AC CA AC CC CC CC CC CT TA AC CC CC CT TC CA AA AC CA AT TG GA AT TC CC CA AA AC CA AC CC CA AT TT TC CT TA AT TG GA AC CT TA AG GC CA AT TG GT TA AT TA AA AT TA AG GC CA AT TT TT TA AT TA AA AT TC CA AA AA AA AT TA AC CC CA AT TT TA AT TA AC CG GG GA AG GT TC CC CA AT TC CT TA AT TG GA AT TT TA AC CC CA AA AA AA AG GC CC CC CA AC CG GT TA AG GA AA AG GC CT TC CC CA AA AT TT TG GC CA AG GG GC CT TC CT TA AT TA AA AT TT TT TT TA AG GC CA AG GC CA AA AT TT TC CT TC CC CT TA AA AA AG GC CT TA AG GG GG GG GG GT TT TA AT TG GG GG GA AT TA AA AT TA AC CG GA AG GT TT TT TC CC CA AT TC CA AT TT TC CT TA AG GA AC CC CC CC CC CT TA AA AC CA AA AA AA AT TC CT TT TT TA AG GC CC CT TA AC CC CC CA AT TT TC CA AT TC CA AT TC CC CT TC CT TC CA AT TT TA AT TG GA AG GG GC CA AT TA AA AT TT TA AT TA AA AC CT TA AG GC CT TC CA AA AT TC CT TG GC CC CT TA AC CG GC CC CA AA AA AC CA AG GA AT TC CT TA AA AA AA AT TC CA AT TT TA AA AT TT TG GC CT TT TA AC CT TC CA AT TC CA AG GT TA AA AG GC CC CA AT TA AT TA AG GC CC CC CT TA AG GT TC CA AT TC CA AC CA AG GC CC CA AT TT TA AT TA AA AT TC CC CA AG GA AC CA AC CC CA AT TG GA AA AG GC CT TT TC CA AT TG GG GG GA AG GC CC CA AC CA AA AT TA AC CT TA AA AT TA AA AT TC CG GC CC CC CA AC CG GG GC CT TT TA AA AC CC CT TC CA AT TC CA AC CT TC CT TT TA AT TT TC CT TG GC CC CT TA AG GC CA AA AA AC CA AC CC CA AA AC CT TA AC CG GA AA AC CG GA AA AT TT TC CA AC CA AG GC CC CG GA AA AC CT TA AT TA AA AT TT TA AT TA AG GC CT TC CG GA AG GG GA AT TT TA AC CA AA AA AT TA AA AT TC CT TT TT TC CC CA AT TT TG GA AT TA AG GC CA AA AC CA AT TG GA AT TG GA AC CT TA AT TT TA AG GC CA AA AG GC CT TT TA AG GC CC CA AA AC CC CT TA AG GC CA AC CT TA AC CC CA AC CC CC CC CT TA AA AT TT TA AA AC CC CT TC CA AT TA AG GG GC CG GA AG GT TT TA AT TT TC CA AT TT TG GT TT TA AT TA AG GC CA AA AC CA AT TT TT TT TC CC CT TG GA AT TC CG GA AA AC CC CC CC CT TC CT TA AT TC CA AT TC CC CT TT TA AT TA AG GC CA AA AC CT TA AA AC CA AT TT TG GT TC CA AT TC CA AC CA AG GG GA AA AT TA AT TA AC CT TC CA AA AT TA AT TA AT TA AT TG GA AT TT TA AT TC CA AC CA AA AC CC CC CA AA AC CG GA AG GG GA AA AA AA AC CT TA AA AC CC CA AG GC CC CA AC CA AT TA AA AA AC CA AA AC CC CT TC CC CA AA AC CC CT TT TC CC CC CA AC CA AC CA AC CG GA AG GA AA AT TT TA AA AC CA AC CT TC CA AT TA AG GC CT TC CT TA AC CA AC CA AT TT TA AT TT TC CC CC CC CT TC CA AT TA AC CT TA AT TT TA AA AC CA AA AT TC CA AA AC CC CC CT TA AA AA AC CT TC CA AT TC CA AC CA AG GG GC CC CT TA AA AC CA AA AT TA AT
ENSRNOT00000048767	AT TA AA AA AT TA AT TA AA AT TA AA AC CA AA AT TC CC CT TA AA AT TC CC CT TC CA AT TA AA AT TT TC CT TT TG GA AT TT TT TA AC CT TT TA AC CA AA AC CA AC CC CA AA AT TC CA AC CA AT TT TT TT TC CA AA AT TA AA AC CA AA AT TC CT TT TA AA AC CC CA AA AA AC CT TT TA AT TG GT TA AC CT TT TC CC CG GT TC CA AT TA AT TG GC CT TC CA AT TT TA AC CA AT TC CA AA AT TT TA AA AA AT TT TC CT TC CA AT TT TC CC CT TC CC CT TT TA AG GC CC CT TC CT TT TA AC CC CT TT TT TA AC CT TA AC CT TA AT TT TC CT TT TC CC CA AC CC CA AC CA AA AC CA AC CA AG GA AA AT TA AC CA AT TA AA AT TT TA AC CT TA AA AC CT TG GA AC CA AT TT TG GA AC CT TA AA AC CT TA AT TT TA AA AT TT TC CT TA AT TT TA AA AA AC CT TT TA AC CT TA AT TA AA AG GT TT TT TC CA AA AA AA AT TT TG GA AC CT TA AT TT TT TC CT TC CA AA AT TC CC CT TA AT TT TC CC CT TA AT TC CA AG GT TA AT TC CC CC CT TA AT TT TC CG GT TA AA AC CA AT TG GA AT TC CA AA AT TT TA AT TA AC CA AA AT TT TC CT TC CT TT TC CA AT TG GA AT TA AT TA AT TA AC CA AC CT TC CT TG GA AC CC CC CC CC CA AC CA AT TT TA AA AC CC CG GA AT TT TC CA AT TT TA AA AG GT TA AC CT TT TA AA AT TA AA AT TA AT TT TC CC CT TG GA AA AT TA AA AC CA AT TA AC CT TA AA AT TC CC CT TA AA AC CC CT TC CA AG GC CT TA AA AC CA AA AT TC CT TA AT TT TC CC CA AA AC CT TC CT TT TT TA AT TT TG GG GA AT TG GA AG GA AA AG GG GG GG GT TA AG GG GA AA AT TT TA AT TA AT TC CC CT TT TC CT TT TA AT TT TA AA AT TC CG GG GA AT TG GA AT TG GA AT TA AT TG GG GC CC CT TT TG GC CA AG GA AC CG GC CC CA AA AC CA AC CA AG GC CG GG GC CC CC CT TC CC CA AA AG GC CA AA AT TC CC CT TC CT TA AC CA AA AC CC CG GA AG GT TC CG GG GA AG GA AC CA AT TT TG GG GT TT TT TC CA AT TC CC CT TA AG GC CT TA AT TA AA AC CC CT TG GA AT TT TC CT TG GC CC CT TA AA AA AC CA AT TA AA AA AC CT TC CC CT TG GA AG GA AA AC CT TC CC CA AA AC CA AA AA AT TT TT TT TC CT TT TA AA AC CC CA AA AC CA AC CC CA AA AC CA AA AC CA AA AT TC CT TA AG GT TC CC CC CT TC CT TC CA AC CA AG GG GA AC CT TA AC CT TA AA AT TT TG GC CA AG GC CC CA AC CA AG GG GA AA AA AA AT TC CC CG GC CC CC CA AA AT TT TC CG GG GA AC CT TT TC CA AT TC CC CA AT TG GA AC CT TC CC CC CA AT TC CA AG GC CT TA AT TA AG GA AA AG GG GC CC CC CA AA AC CT TC CC CC CG GT TC CT TC CT TG GC CC CC CT TA AC CT TA AC CA AC CT TC CA AA AG GC CA AC CA AA AT TA AG GT TT TG GT TA AG GC CA AG GG GG GA AT TC CT TT TC CC CT TA AA AT TA AA AT TC CC CG GA AT TT TC CC CA AC CC CC CC CC CT TA AA AC CC CT TC CA AA AA AC CA AA AT TA AG GT TA AC CT TA AT TT TA AT TA AA AC CA AG GC CC CA AT TA AC CT TA AT TG GT TC CT TT TG GG GT TG GC CA AA AT TC CA AC CC CA AC CA AT TT TA AT TT TC CA AC CA AG GC CA AA AT TC CT TG GT TG GC CT TC CT TC CA AC CC CC CA AA AA AA AC CG GA AC CA AT TC CA AA AA AA AA AA AA AT TC CG GT TA AG GC CT TT TT TC CT TC CA AA AC CA AT TC CC CA AG GC CC CA AA AC CT TA AG GG GC CC CT TT TA AT TA AA AT TA AG GT TC CA AC CA AT TT TA AG GG GG GA AT TT TA AA AC CC CA AA AC CC CC CT TA AC CC CT TT TG GC CT TT TT TC CC CT TC CC CA AC CA AT TT TT TG GC CA AC CC CC CA AT TG GC CA AT TT TC CT TT TC CA AA AA AG GC CC CA AT TA AT TT TA AT TT TC CA AT TA AT TG GC CT TC CC CG GG GA AT TC CA AA AT TC CA AT TC CC CA AT TA AT TC CC CT TC CA AA AC CG GA AT TG GA AA AC CA AA AG GA AC CA AT TT TC CG GA AA AA AA AA AT TA AG GG GC CA AA AT TA AT TA AA AT TA AA AA AA AG GC CA AA AT TA AC CC CA AT TT TC CA AC CA AT TC CA AT TC CT TT TG GT TC CT TC CA AT TT TA AT TC CG GG GA AA AG GC CC CT TA AG GC CC CC CT TT TA AC CC CG GG GA AA AT TA AC CC CT TT TT TC CC CT TC CA AC CA AG GG GA AT TT TC CT TA AT TT TC CA AA AA AA AG GA AT TC CT TC CA AT TC CA AT TC CG GA AA AG GC CC CA AT TC CA AA AC CA AC CG GT TG GT TA AA AC CA AC CC CA AA AC CG GC CC CT TG GA AG GC CC CC CT TA AA AT TA AA AT TC CA AC CT TT TT TA AA AT TC CG GC CC CA AC CA AT TC CC CA AT TA AA AC CT TG GC CT TG GT TG GT TA AC CA AG GC CA AT TA AC CG GG GA AT TC CA AT TC CT TA AC CT TT TC CG GT TC CA AC CC CA AT TG GA AC CA AA AA AA AC CC CA AC CG GA AT TA AC CT TC CC CC CC CA AC CT TA AA AT TT TA AC CT TA AT TT TA AA AT TG GA AA AA AA AC CA AA AC CC CC CA AA AA AC CC CT TC CA AT TT TA AA AT TC CC CA AA AT TC CA AA AA AC CG GC CC CT TA AG GC CA AT TT TA AG GG GA AA AG GC CA AT TC CC CT TA AG GC CA AG GG GC CT TT TC CC CT TT TA AT TC CT TC CA AC CT TA AA AA AT TA AT TT TC CC CT TC CC CA AA AC CT TA AA AC CA AT TT TC CA AA AA AT TT TC CT TC CA AC CA AA AT TA AC CC CC CT TG GA AC CA AT TT TT TA AA AA AA AA AT TA AA AC CA AG GC CC CC CT TA AC CT TT TA AT TT TA AC CA AA AT TC CC CT TA AG GG GA AT TT TT TG GC CC CA AT TT TG GC CC CC CT TA AG GA AA AC CT TT TA AA AC CA AA AT TT TT TA AA AC CA AC CT TA AA AA AT TC CT TA AT TC CA AA AT TA AA AG GC CA AA AA AC CC CC CA AC CC CA AA AA AC CT TA AT TC CA AT TC CA AT TT TC CT TC CA AA AC CC CT TC CC CC CT TA AG GG GC CT TA AC CT TA AC CC CC CA AC CC CA AA AT TT TA AT TA AC CC CC CC CG GA AA AT TT TA AT TT TC CC CT TC CA AA AA AA AA AA AC CT TC CT TA AA AA AT TT TC CT TA AG GC CT TA AC CA AA AA AT TT TA AT TC CC CT TT TA AA AA AC CC CT TA AC CT TA AG GA AC CC CT TA AA AT TC CT TG GA AT TC CA AG GA AA AA AA AG GA AC CA AA AT TC CC CC CA AA AA AA AT TC CA AA AC CC CT TC CA AA AT TC CA AC CC CC CA AA AA AC CC CC CA AA AC CT TA AT TC CT TA AA AA AA AT TA AA AT TA AT TC CC CA AA AC CC CA AA AA AA AA AG GG GA AC CT TA AA AT TC CA AA AA AC CT TA AT TA AT TT TT TC CC CT TA AT TC CA AT TT TT TC CT TC CA AT TC CA AC CT TA AT TT TT TC CA AC CT TA AA AT TT TT TT TT TA AT TC CT TT TA AC CA AC CA AC CA AC CT TT TA AA AT TC CC CC CG GA AG GT TG GA AT TT TT TC CA AA AT TA AA
ENSRNOT00000051268	AT TG GA AC CA AA AA AT TT TA AT TA AT TG GT TT TT TA AT TT TT TT TA AA AG GT TT TT TA AC CT TG GT TT TT TT TT TG GA AC CT TG GG GT TT TG GT TC CT TA AG GG GG GT TT TG GG GC CG GT TT TG GA AA AG GC CC CT TT TC CA AC CC CT TA AT TT TT TA AT TG GG GT TG GG GG GT TT TT TG GG GA AT TT TG GA AT TT TG GT TT TA AG GT TG GG GA AT TG GT TA AT TT TG GG GG GT TG GC CT TT TA AA AT TA AG GT TT TT TT TA AG GG GG GT TT TT TG GG GG GG GG GT TT TC CG GT TT TT TT TT TA AG GG GT TT TT TA AA AT TA AG GT TA AT TT TT TT TT TA AA AT TT TT TA AT TT TT TG GG GG GT TG GG GG GA AT TG GT TT TG GG GT TT TG GT TA AT TT TT TG GG GG GT TA AT TA AC CA AA AC CT TG GC CT TA AT TG GG GC CT TA AC CT TG GA AG GG GA AA AT TA AT TC CC CG GG GA AA AA AC CT TT TG GA AG GG GG GT TC CT TA AA AT TT TG GG GT TT TT TA AT TT TT TT TT TA AG GT TT TT TT TT TT TT TG GT TT TT TT TA AG GG GG GC CT TT TT TT TT TA AT TG GG GA AG GT TT TG GG GT TA AG GT TG GT TT TC CT TA AC CT TT TG GT TT TT TA AG GT TT TT TG GA AA AT TA AA AT TA AA AG GG GT TG GG GA AG GT TT TA AG GT TT TG GA AT TT TT TT TG GA AT TA AG GT TC CT TA AG GG GC CG GA AT TT TG GA AT TT TA AA AT TG GT TA AT TG GA AG GA AT TT TG GA AT TG GA AT TG GT TT TG GG GG GG GT TT TA AT TG GT TT TG GG GA AG GG GG GG GG GG GG GA AT TT TG GG GG GG GT TT TG GC CG GG GC CT TA AT TT TT TA AT TA AG GT TT TG GT TG GC CT TA AC CT TT TG GA AA AT TG GA AT TA AG GT TG GG GT TG GG GC CT TG GG GG GT TG GG GT TC CA AT TT TG GT TT TT TG GC CG GG GG GG GA AT TT TT TT TT TA AT TT TA AT TT TA AT TT TG GA AA AA AT TC CA AC CT TC CG GG GG GA AT TT TA AA
ENSRNOT00000042098	AT TG GA AC CA AA AA AC CA AT TC CC CG GA AA AA AA AT TC CT TC CA AC CC CC CC CC CT TA AT TT TC CA AA AA AA AT TC CA AT TC CA AA AC CC CA AC CT TC CC CT TT TT TA AT TC CG GA AC CC CT TA AC CC CG GG GC CC CC CC CA AT TC CT TA AA AC CA AT TC CT TC CA AT TC CA AT TG GA AT TG GA AA AA AC CT TT TC CG GG GT TT TC CT TC CT TA AC CT TA AG GG GA AG GT TA AT TG GC CC CT TC CA AT TA AG GT TA AC CA AA AA AT TC CC CT TC CA AC CA AG GG GC CT TT TA AT TT TC CC CT TA AG GC CA AA AT TA AC CA AC CT TA AC CA AC CG GT TC CT TG GA AT TA AC CC CA AT TA AA AC CA AG GC CA AT TT TC CT TC CA AT TC CA AG GT TC CA AC CC CC CA AC CA AT TC CT TG GC CC CG GA AG GA AC CG GT TA AA AA AC CT TA AC CG GG GC CT TG GA AC CT TA AA AT TC CC CG GA AT TA AC CC CT TA AC CA AA AG GC CC CA AA AC CG GG GC CG GC CC CT TC CA AA AT TA AT TT TT TT TT TC CA AT TC CT TG GC CC CT TA AT TT TC CC CT TC CC CA AT TG GT TG GG GG GA AC CG GA AG GG GA AC CT TA AT TA AC CT TA AT TG GG GA AT TC CC CT TA AC CA AC CT TT TT TC CC CT TA AG GA AA AA AC CC CT TG GA AA AA AC CA AT TT TG GG GG GA AT TC CA AT TC CC CT TA AC CT TA AT TT TT TG GC CA AG GT TC CA AT TA AG GC CA AA AC CT TG GC CA AT TT TC CA AT TG GG GG GC CT TA AT TG GT TA AC CT TC CC CC CA AT TG GA AG GG GA AC CA AA AA AT TA AT TC CA AT TT TC CT TG GA AG GG GA AG GC CT TA AC CA AG GT TA AA AT TT TA AC CA AA AA AC CC CT TA AT TT TA AT TC CA AG GC CT TA AT TC CC CC CT TT TA AC CA AT TT TG GG GG GA AC CT TA AC CC CC CT TA AG GT TC CG GA AA AT TG GA AA AT TC CT TG GA AG GG GA AG GG GC CT TT TC CT TC CA AG GT TA AG GA AC CA AA AA AG GC CA AA AC CC CC CT TA AA AC CA AC CG GC CT TT TC CT TT TC CG GC CA AT TT TC CC CA AC CT TT TC CA AT TC CC CT TC CC CC CA AT TT TC CA AT TT TA AT TC CG GC CC CG GC CC CC CT TT TG GC CA AA AT TT TG GT TA AC CA AT TC CT TT TC CT TT TT TT TC CC CT TC CC CA AC CG GA AA AA AC CA AG GG GA AT TC CA AA AA AT TA AA AC CC CC CC CA AC CA AG GG GA AT TT TA AA AA AC CT TC CC CG GA AC CG GC CA AG GA AC CA AA AA AA AT TC CC CC CA AT TT TC CC CA AT TC CC CA AT TA AT TT TA AT TA AC CA AA AT TT TA AA AA AG GA AC CC CT TC CC CT TA AG GG GT TG GT TA AT TT TT TA AT TA AT TT TA AC CT TA AT TT TA AT TT TC CC CT TA AA AT TA AA AC CC CC CT TA AG GT TA AC CT TA AT TT TC CT TT TC CC CC CA AG GA AC CC CT TA AC CT TA AG GG GA AG GA AC CC CC CA AG GA AC CA AA AT TT TA AT TA AC CA AC CC CC CG GC CT TA AA AC CC CC CC CC CT TC CA AA AC CA AC CC CC CC CA AC CC CC CC CA AC CA AT TC CA AA AA AC CC CA AG GA AA AT TG GA AT TA AC CT TT TT TC CT TC CT TT TT TG GC CC CT TA AC CG GC CT TA AT TT TC CT TA AC CG GC CT TC CC CA AT TT TC CC CC CA AA AC CA AA AA AC CT TA AG GG GA AG GG GG GG GT TC CG GT TA AG GC CC CC CT TA AA AT TC CT TT TA AT TC CA AA AT TC CC CT TA AA AT TC CT TT TA AG GC CC CT TT TC CC CT TA AC CC CA AT TT TC CC CT TG GC CA AT TA AC CC CT TC CA AA AA AA AC CA AA AC CG GC CA AG GC CT TT TA AA AC CA AT TT TC CC CG GC CC CC CA AA AT TC CA AC CC CC CA AA AA AT TC CC CT TT TT TA AC CT TG GA AA AT TC CC CT TA AG GT TA AG GC CC CA AA AC CC CT TC CC CT TA AG GT TC CT TT TA AA AC CA AT TG GA AA AT TC CG GG GA AG GG GC CC CA AA AC CC CA AG GT TA AG GA AA AC CA AC CC CC CA AT TT TT TA AT TC CA AT TT TA AT TT TG GG GT TC CA AA AC CT TA AG GC CC CT TC CC CA AT TC CA AG GT TT TA AT TT TT TT TT TC CA AA AT TT TA AT TC CC CT TC CA AT TT TC CT TC CA AT TA AC CC CA AA AT TC CT TC CT TG GG GA AA AT TT TG GT TT TG GA AA AG GA AC CA AA AA AA AT TG GT TT TA AA AA AA AT TG GA AA AA AT TT TA AA
